{
  "disease_icd": "J45",
  "disease_name": "Asthma",
  "feature_names": [
    "%_hemoglobin_a1c",
    "alanine_aminotransferase_(alt)",
    "albumin",
    "alkaline_phosphatase",
    "asparate_aminotransferase_(ast)",
    "bilirubin,_direct",
    "bilirubin,_total",
    "c-reactive_protein",
    "calcium,_total",
    "creatine_kinase,_mb_isoenzyme",
    "creatinine",
    "creatinine,_whole_blood",
    "glucose",
    "hematocrit",
    "hematocrit,_calculated",
    "hemoglobin",
    "inr(pt)",
    "lactate",
    "magnesium",
    "ntprobnp",
    "pt",
    "ptt",
    "platelet_count",
    "potassium",
    "potassium,_whole_blood",
    "protein,_total",
    "sodium",
    "sodium,_whole_blood",
    "troponin_i",
    "troponin_t",
    "urea_nitrogen",
    "wbc_count",
    "white_blood_cells"
  ],
  "metrics": {
    "accuracy": 0.6293670886075949,
    "roc_auc": 0.6875058968310942,
    "avg_precision": 0.6814325467297744,
    "confusion_matrix": [
      [
        633,
        347
      ],
      [
        385,
        610
      ]
    ],
    "classification_report": {
      "0": {
        "precision": 0.6218074656188605,
        "recall": 0.6459183673469387,
        "f1-score": 0.6336336336336337,
        "support": 980.0
      },
      "1": {
        "precision": 0.6374085684430512,
        "recall": 0.6130653266331658,
        "f1-score": 0.625,
        "support": 995.0
      },
      "accuracy": 0.6293670886075949,
      "macro avg": {
        "precision": 0.6296080170309558,
        "recall": 0.6294918469900523,
        "f1-score": 0.6293168168168168,
        "support": 1975.0
      },
      "weighted avg": {
        "precision": 0.6296672617252249,
        "recall": 0.6293670886075949,
        "f1-score": 0.6292840308663094,
        "support": 1975.0
      }
    },
    "train_samples": 7898,
    "test_samples": 1975,
    "positive_rate": 0.5035956649447989
  },
  "threshold": 0.330445972133834,
  "created_at": "2026-04-17T00:13:26.599279"
}