{
  "disease_icd": "C34",
  "disease_name": "Lung Cancer",
  "feature_names": [
    "%_hemoglobin_a1c",
    "alanine_aminotransferase_(alt)",
    "albumin",
    "alkaline_phosphatase",
    "asparate_aminotransferase_(ast)",
    "bilirubin,_direct",
    "bilirubin,_total",
    "c-reactive_protein",
    "calcium,_total",
    "creatine_kinase,_mb_isoenzyme",
    "creatinine",
    "creatinine,_whole_blood",
    "glucose",
    "hematocrit",
    "hematocrit,_calculated",
    "hemoglobin",
    "inr(pt)",
    "lactate",
    "magnesium",
    "ntprobnp",
    "pt",
    "ptt",
    "platelet_count",
    "potassium",
    "potassium,_whole_blood",
    "protein,_total",
    "sodium",
    "sodium,_whole_blood",
    "troponin_i",
    "troponin_t",
    "urea_nitrogen",
    "wbc_count",
    "white_blood_cells"
  ],
  "metrics": {
    "accuracy": 0.7381215469613259,
    "roc_auc": 0.8227200797092955,
    "avg_precision": 0.8017129304163817,
    "confusion_matrix": [
      [
        323,
        126
      ],
      [
        111,
        345
      ]
    ],
    "classification_report": {
      "0": {
        "precision": 0.7442396313364056,
        "recall": 0.7193763919821826,
        "f1-score": 0.7315968289920725,
        "support": 449.0
      },
      "1": {
        "precision": 0.732484076433121,
        "recall": 0.756578947368421,
        "f1-score": 0.7443365695792881,
        "support": 456.0
      },
      "accuracy": 0.7381215469613259,
      "macro avg": {
        "precision": 0.7383618538847633,
        "recall": 0.7379776696753018,
        "f1-score": 0.7379666992856803,
        "support": 905.0
      },
      "weighted avg": {
        "precision": 0.7383163904127615,
        "recall": 0.7381215469613259,
        "f1-score": 0.7380159690006584,
        "support": 905.0
      }
    },
    "train_samples": 3620,
    "test_samples": 905,
    "positive_rate": 0.5040883977900552
  },
  "threshold": 0.36323332494785454,
  "created_at": "2026-04-16T22:55:29.067928"
}