{
  "disease_icd": "I47",
  "disease_name": "Paroxysmal Tachycardia",
  "feature_names": [
    "%_hemoglobin_a1c",
    "alanine_aminotransferase_(alt)",
    "albumin",
    "alkaline_phosphatase",
    "asparate_aminotransferase_(ast)",
    "bilirubin,_direct",
    "bilirubin,_total",
    "c-reactive_protein",
    "calcium,_total",
    "creatine_kinase,_mb_isoenzyme",
    "creatinine",
    "creatinine,_whole_blood",
    "glucose",
    "hematocrit",
    "hematocrit,_calculated",
    "hemoglobin",
    "inr(pt)",
    "lactate",
    "magnesium",
    "ntprobnp",
    "pt",
    "ptt",
    "platelet_count",
    "potassium",
    "potassium,_whole_blood",
    "protein,_total",
    "sodium",
    "sodium,_whole_blood",
    "troponin_i",
    "troponin_t",
    "urea_nitrogen",
    "wbc_count",
    "white_blood_cells"
  ],
  "metrics": {
    "accuracy": 0.7487360970677452,
    "roc_auc": 0.8175458400177502,
    "avg_precision": 0.8046102301386269,
    "confusion_matrix": [
      [
        735,
        244
      ],
      [
        253,
        746
      ]
    ],
    "classification_report": {
      "0": {
        "precision": 0.7439271255060729,
        "recall": 0.7507660878447395,
        "f1-score": 0.7473309608540926,
        "support": 979.0
      },
      "1": {
        "precision": 0.7535353535353535,
        "recall": 0.7467467467467468,
        "f1-score": 0.7501256913021619,
        "support": 999.0
      },
      "accuracy": 0.7487360970677452,
      "macro avg": {
        "precision": 0.7487312395207132,
        "recall": 0.7487564172957432,
        "f1-score": 0.7487283260781272,
        "support": 1978.0
      },
      "weighted avg": {
        "precision": 0.7487798149910331,
        "recall": 0.7487360970677452,
        "f1-score": 0.7487424551501599,
        "support": 1978.0
      }
    },
    "train_samples": 7909,
    "test_samples": 1978,
    "positive_rate": 0.5051077172044098
  },
  "threshold": 0.34508585158050503,
  "created_at": "2026-04-16T01:39:32.495732"
}