{
  "disease_icd": "F05",
  "disease_name": "Delirium",
  "feature_names": [
    "%_hemoglobin_a1c",
    "alanine_aminotransferase_(alt)",
    "albumin",
    "alkaline_phosphatase",
    "asparate_aminotransferase_(ast)",
    "bilirubin,_direct",
    "bilirubin,_total",
    "c-reactive_protein",
    "calcium,_total",
    "creatine_kinase,_mb_isoenzyme",
    "creatinine",
    "creatinine,_whole_blood",
    "glucose",
    "hematocrit",
    "hematocrit,_calculated",
    "hemoglobin",
    "inr(pt)",
    "lactate",
    "magnesium",
    "ntprobnp",
    "pt",
    "ptt",
    "platelet_count",
    "potassium",
    "potassium,_whole_blood",
    "protein,_total",
    "sodium",
    "sodium,_whole_blood",
    "troponin_i",
    "troponin_t",
    "urea_nitrogen",
    "wbc_count",
    "white_blood_cells"
  ],
  "metrics": {
    "accuracy": 0.7686868686868686,
    "roc_auc": 0.8421234693877551,
    "avg_precision": 0.8174929616628623,
    "confusion_matrix": [
      [
        714,
        266
      ],
      [
        192,
        808
      ]
    ],
    "classification_report": {
      "0": {
        "precision": 0.7880794701986755,
        "recall": 0.7285714285714285,
        "f1-score": 0.7571580063626723,
        "support": 980.0
      },
      "1": {
        "precision": 0.7523277467411545,
        "recall": 0.808,
        "f1-score": 0.7791706846673095,
        "support": 1000.0
      },
      "accuracy": 0.7686868686868686,
      "macro avg": {
        "precision": 0.7702036084699151,
        "recall": 0.7682857142857142,
        "f1-score": 0.7681643455149909,
        "support": 1980.0
      },
      "weighted avg": {
        "precision": 0.7700230442100285,
        "recall": 0.7686868686868686,
        "f1-score": 0.7682755206579436,
        "support": 1980.0
      }
    },
    "train_samples": 7920,
    "test_samples": 1980,
    "positive_rate": 0.5048484848484849
  },
  "threshold": 0.42934428593349383,
  "created_at": "2026-04-17T01:53:46.449590"
}