{
  "disease_icd": "G93",
  "disease_name": "Encephalopathy",
  "feature_names": [
    "%_hemoglobin_a1c",
    "alanine_aminotransferase_(alt)",
    "albumin",
    "alkaline_phosphatase",
    "asparate_aminotransferase_(ast)",
    "bilirubin,_direct",
    "bilirubin,_total",
    "c-reactive_protein",
    "calcium,_total",
    "creatine_kinase,_mb_isoenzyme",
    "creatinine",
    "creatinine,_whole_blood",
    "glucose",
    "hematocrit",
    "hematocrit,_calculated",
    "hemoglobin",
    "inr(pt)",
    "lactate",
    "magnesium",
    "ntprobnp",
    "pt",
    "ptt",
    "platelet_count",
    "potassium",
    "potassium,_whole_blood",
    "protein,_total",
    "sodium",
    "sodium,_whole_blood",
    "troponin_i",
    "troponin_t",
    "urea_nitrogen",
    "wbc_count",
    "white_blood_cells"
  ],
  "metrics": {
    "accuracy": 0.7503789792824659,
    "roc_auc": 0.8322751517305763,
    "avg_precision": 0.8259653489931328,
    "confusion_matrix": [
      [
        703,
        278
      ],
      [
        216,
        782
      ]
    ],
    "classification_report": {
      "0": {
        "precision": 0.764961915125136,
        "recall": 0.7166156982670744,
        "f1-score": 0.74,
        "support": 981.0
      },
      "1": {
        "precision": 0.7377358490566037,
        "recall": 0.7835671342685371,
        "f1-score": 0.7599611273080661,
        "support": 998.0
      },
      "accuracy": 0.7503789792824659,
      "macro avg": {
        "precision": 0.7513488820908698,
        "recall": 0.7500914162678057,
        "f1-score": 0.7499805636540331,
        "support": 1979.0
      },
      "weighted avg": {
        "precision": 0.7512319434543956,
        "recall": 0.7503789792824659,
        "f1-score": 0.750066298662683,
        "support": 1979.0
      }
    },
    "train_samples": 7913,
    "test_samples": 1979,
    "positive_rate": 0.5043469470279013
  },
  "threshold": 0.35602888304558583,
  "created_at": "2026-04-16T01:47:06.173948"
}