{
  "disease_icd": "M06",
  "disease_name": "Rheumatoid Arthritis",
  "feature_names": [
    "%_hemoglobin_a1c",
    "alanine_aminotransferase_(alt)",
    "albumin",
    "alkaline_phosphatase",
    "asparate_aminotransferase_(ast)",
    "bilirubin,_direct",
    "bilirubin,_total",
    "c-reactive_protein",
    "calcium,_total",
    "creatine_kinase,_mb_isoenzyme",
    "creatinine",
    "creatinine,_whole_blood",
    "glucose",
    "hematocrit",
    "hematocrit,_calculated",
    "hemoglobin",
    "inr(pt)",
    "lactate",
    "magnesium",
    "ntprobnp",
    "pt",
    "ptt",
    "platelet_count",
    "potassium",
    "potassium,_whole_blood",
    "protein,_total",
    "sodium",
    "sodium,_whole_blood",
    "troponin_i",
    "troponin_t",
    "urea_nitrogen",
    "wbc_count",
    "white_blood_cells"
  ],
  "metrics": {
    "accuracy": 0.7053789731051344,
    "roc_auc": 0.7754820195498162,
    "avg_precision": 0.7687053768468739,
    "confusion_matrix": [
      [
        277,
        128
      ],
      [
        113,
        300
      ]
    ],
    "classification_report": {
      "0": {
        "precision": 0.7102564102564103,
        "recall": 0.6839506172839506,
        "f1-score": 0.6968553459119496,
        "support": 405.0
      },
      "1": {
        "precision": 0.7009345794392523,
        "recall": 0.7263922518159807,
        "f1-score": 0.713436385255648,
        "support": 413.0
      },
      "accuracy": 0.7053789731051344,
      "macro avg": {
        "precision": 0.7055954948478314,
        "recall": 0.7051714345499656,
        "f1-score": 0.7051458655837988,
        "support": 818.0
      },
      "weighted avg": {
        "precision": 0.7055499113230531,
        "recall": 0.7053789731051344,
        "f1-score": 0.7052269464607851,
        "support": 818.0
      }
    },
    "train_samples": 3272,
    "test_samples": 818,
    "positive_rate": 0.5046454767726162
  },
  "threshold": 0.37427769113361203,
  "created_at": "2026-04-17T21:09:39.092501"
}