{
  "disease_icd": "D70",
  "disease_name": "Neutropenia",
  "feature_names": [
    "%_hemoglobin_a1c",
    "alanine_aminotransferase_(alt)",
    "albumin",
    "alkaline_phosphatase",
    "asparate_aminotransferase_(ast)",
    "bilirubin,_direct",
    "bilirubin,_total",
    "c-reactive_protein",
    "calcium,_total",
    "creatine_kinase,_mb_isoenzyme",
    "creatinine",
    "creatinine,_whole_blood",
    "glucose",
    "hematocrit",
    "hematocrit,_calculated",
    "hemoglobin",
    "inr(pt)",
    "lactate",
    "magnesium",
    "ntprobnp",
    "pt",
    "ptt",
    "platelet_count",
    "potassium",
    "potassium,_whole_blood",
    "protein,_total",
    "sodium",
    "sodium,_whole_blood",
    "troponin_i",
    "troponin_t",
    "urea_nitrogen",
    "wbc_count",
    "white_blood_cells"
  ],
  "metrics": {
    "accuracy": 0.8161849710982659,
    "roc_auc": 0.8936239601377216,
    "avg_precision": 0.8833262938256337,
    "confusion_matrix": [
      [
        344,
        85
      ],
      [
        74,
        362
      ]
    ],
    "classification_report": {
      "0": {
        "precision": 0.8229665071770335,
        "recall": 0.8018648018648019,
        "f1-score": 0.8122786304604487,
        "support": 429.0
      },
      "1": {
        "precision": 0.8098434004474273,
        "recall": 0.8302752293577982,
        "f1-score": 0.8199320498301246,
        "support": 436.0
      },
      "accuracy": 0.8161849710982659,
      "macro avg": {
        "precision": 0.8164049538122304,
        "recall": 0.8160700156113001,
        "f1-score": 0.8161053401452867,
        "support": 865.0
      },
      "weighted avg": {
        "precision": 0.8163518545364459,
        "recall": 0.8161849710982659,
        "f1-score": 0.8161363077381119,
        "support": 865.0
      }
    },
    "train_samples": 3456,
    "test_samples": 865,
    "positive_rate": 0.5042814163388104
  },
  "threshold": 0.417255061881286,
  "created_at": "2026-04-15T22:34:04.042373"
}