{
  "disease_icd": "K21",
  "disease_name": "Gastroesophageal Reflux Disease",
  "feature_names": [
    "%_hemoglobin_a1c",
    "alanine_aminotransferase_(alt)",
    "albumin",
    "alkaline_phosphatase",
    "asparate_aminotransferase_(ast)",
    "bilirubin,_direct",
    "bilirubin,_total",
    "c-reactive_protein",
    "calcium,_total",
    "creatine_kinase,_mb_isoenzyme",
    "creatinine",
    "creatinine,_whole_blood",
    "glucose",
    "hematocrit",
    "hematocrit,_calculated",
    "hemoglobin",
    "inr(pt)",
    "lactate",
    "magnesium",
    "ntprobnp",
    "pt",
    "ptt",
    "platelet_count",
    "potassium",
    "potassium,_whole_blood",
    "protein,_total",
    "sodium",
    "sodium,_whole_blood",
    "troponin_i",
    "troponin_t",
    "urea_nitrogen",
    "wbc_count",
    "white_blood_cells"
  ],
  "metrics": {
    "accuracy": 0.6745831227892876,
    "roc_auc": 0.7320052949936571,
    "avg_precision": 0.7035307257578669,
    "confusion_matrix": [
      [
        633,
        348
      ],
      [
        296,
        702
      ]
    ],
    "classification_report": {
      "0": {
        "precision": 0.6813778256189451,
        "recall": 0.6452599388379205,
        "f1-score": 0.6628272251308901,
        "support": 981.0
      },
      "1": {
        "precision": 0.6685714285714286,
        "recall": 0.7034068136272545,
        "f1-score": 0.685546875,
        "support": 998.0
      },
      "accuracy": 0.6745831227892876,
      "macro avg": {
        "precision": 0.6749746270951869,
        "recall": 0.6743333762325876,
        "f1-score": 0.674187050065445,
        "support": 1979.0
      },
      "weighted avg": {
        "precision": 0.6749196223579944,
        "recall": 0.6745831227892876,
        "f1-score": 0.6742846332003049,
        "support": 1979.0
      }
    },
    "train_samples": 7912,
    "test_samples": 1979,
    "positive_rate": 0.5042968355070266
  },
  "threshold": 0.32178173048342695,
  "created_at": "2026-04-17T04:48:16.502234"
}