{
  "disease_icd": "I25",
  "disease_name": "Chronic Ischemic Heart Disease",
  "feature_names": [
    "%_hemoglobin_a1c",
    "alanine_aminotransferase_(alt)",
    "albumin",
    "alkaline_phosphatase",
    "asparate_aminotransferase_(ast)",
    "bilirubin,_direct",
    "bilirubin,_total",
    "c-reactive_protein",
    "calcium,_total",
    "creatine_kinase,_mb_isoenzyme",
    "creatinine",
    "creatinine,_whole_blood",
    "glucose",
    "hematocrit",
    "hematocrit,_calculated",
    "hemoglobin",
    "inr(pt)",
    "lactate",
    "magnesium",
    "ntprobnp",
    "pt",
    "ptt",
    "platelet_count",
    "potassium",
    "potassium,_whole_blood",
    "protein,_total",
    "sodium",
    "sodium,_whole_blood",
    "troponin_i",
    "troponin_t",
    "urea_nitrogen",
    "wbc_count",
    "white_blood_cells"
  ],
  "metrics": {
    "accuracy": 0.7653009610520991,
    "roc_auc": 0.8366753321188055,
    "avg_precision": 0.8167631924775735,
    "confusion_matrix": [
      [
        725,
        255
      ],
      [
        209,
        788
      ]
    ],
    "classification_report": {
      "0": {
        "precision": 0.7762312633832976,
        "recall": 0.7397959183673469,
        "f1-score": 0.7575757575757576,
        "support": 980.0
      },
      "1": {
        "precision": 0.7555129434324065,
        "recall": 0.7903711133400201,
        "f1-score": 0.7725490196078432,
        "support": 997.0
      },
      "accuracy": 0.7653009610520991,
      "macro avg": {
        "precision": 0.7658721034078521,
        "recall": 0.7650835158536835,
        "f1-score": 0.7650623885918004,
        "support": 1977.0
      },
      "weighted avg": {
        "precision": 0.7657830261597072,
        "recall": 0.7653009610520991,
        "f1-score": 0.7651267652874365,
        "support": 1977.0
      }
    },
    "train_samples": 7906,
    "test_samples": 1977,
    "positive_rate": 0.504502681372053
  },
  "threshold": 0.4277386272980906,
  "created_at": "2026-04-17T02:20:28.961432"
}