{
  "disease_icd": "J90",
  "disease_name": "Pleural Effusion",
  "feature_names": [
    "%_hemoglobin_a1c",
    "alanine_aminotransferase_(alt)",
    "albumin",
    "alkaline_phosphatase",
    "asparate_aminotransferase_(ast)",
    "bilirubin,_direct",
    "bilirubin,_total",
    "c-reactive_protein",
    "calcium,_total",
    "creatine_kinase,_mb_isoenzyme",
    "creatinine",
    "creatinine,_whole_blood",
    "glucose",
    "hematocrit",
    "hematocrit,_calculated",
    "hemoglobin",
    "inr(pt)",
    "lactate",
    "magnesium",
    "ntprobnp",
    "pt",
    "ptt",
    "platelet_count",
    "potassium",
    "potassium,_whole_blood",
    "protein,_total",
    "sodium",
    "sodium,_whole_blood",
    "troponin_i",
    "troponin_t",
    "urea_nitrogen",
    "wbc_count",
    "white_blood_cells"
  ],
  "metrics": {
    "accuracy": 0.7627013630731103,
    "roc_auc": 0.8412452700378399,
    "avg_precision": 0.8204716975110525,
    "confusion_matrix": [
      [
        566,
        232
      ],
      [
        151,
        665
      ]
    ],
    "classification_report": {
      "0": {
        "precision": 0.7894002789400278,
        "recall": 0.7092731829573935,
        "f1-score": 0.7471947194719472,
        "support": 798.0
      },
      "1": {
        "precision": 0.7413600891861761,
        "recall": 0.8149509803921569,
        "f1-score": 0.7764156450671337,
        "support": 816.0
      },
      "accuracy": 0.7627013630731103,
      "macro avg": {
        "precision": 0.765380184063102,
        "recall": 0.7621120816747752,
        "f1-score": 0.7618051822695404,
        "support": 1614.0
      },
      "weighted avg": {
        "precision": 0.7651123019641028,
        "recall": 0.7627013630731103,
        "f1-score": 0.7619681242338259,
        "support": 1614.0
      }
    },
    "train_samples": 6452,
    "test_samples": 1614,
    "positive_rate": 0.505331019092487
  },
  "threshold": 0.3262344118062163,
  "created_at": "2026-04-17T02:25:45.030313"
}