{
  "disease_icd": "K80",
  "disease_name": "Cholelithiasis",
  "feature_names": [
    "%_hemoglobin_a1c",
    "alanine_aminotransferase_(alt)",
    "albumin",
    "alkaline_phosphatase",
    "asparate_aminotransferase_(ast)",
    "bilirubin,_direct",
    "bilirubin,_total",
    "c-reactive_protein",
    "calcium,_total",
    "creatine_kinase,_mb_isoenzyme",
    "creatinine",
    "creatinine,_whole_blood",
    "glucose",
    "hematocrit",
    "hematocrit,_calculated",
    "hemoglobin",
    "inr(pt)",
    "lactate",
    "magnesium",
    "ntprobnp",
    "pt",
    "ptt",
    "platelet_count",
    "potassium",
    "potassium,_whole_blood",
    "protein,_total",
    "sodium",
    "sodium,_whole_blood",
    "troponin_i",
    "troponin_t",
    "urea_nitrogen",
    "wbc_count",
    "white_blood_cells"
  ],
  "metrics": {
    "accuracy": 0.7553956834532374,
    "roc_auc": 0.8435227722060463,
    "avg_precision": 0.8375295364311595,
    "confusion_matrix": [
      [
        595,
        230
      ],
      [
        178,
        665
      ]
    ],
    "classification_report": {
      "0": {
        "precision": 0.7697283311772316,
        "recall": 0.7212121212121212,
        "f1-score": 0.7446808510638298,
        "support": 825.0
      },
      "1": {
        "precision": 0.7430167597765364,
        "recall": 0.7888493475682088,
        "f1-score": 0.7652474108170311,
        "support": 843.0
      },
      "accuracy": 0.7553956834532374,
      "macro avg": {
        "precision": 0.7563725454768839,
        "recall": 0.755030734390165,
        "f1-score": 0.7549641309404305,
        "support": 1668.0
      },
      "weighted avg": {
        "precision": 0.7562284182930673,
        "recall": 0.7553956834532374,
        "f1-score": 0.7550751015865808,
        "support": 1668.0
      }
    },
    "train_samples": 6670,
    "test_samples": 1668,
    "positive_rate": 0.5055169105301032
  },
  "threshold": 0.42624743538083376,
  "created_at": "2026-04-16T23:36:51.401512"
}