{
  "disease_icd": "I61",
  "disease_name": "Intracerebral Hemorrhage",
  "feature_names": [
    "%_hemoglobin_a1c",
    "alanine_aminotransferase_(alt)",
    "albumin",
    "alkaline_phosphatase",
    "asparate_aminotransferase_(ast)",
    "bilirubin,_direct",
    "bilirubin,_total",
    "c-reactive_protein",
    "calcium,_total",
    "creatine_kinase,_mb_isoenzyme",
    "creatinine",
    "creatinine,_whole_blood",
    "glucose",
    "hematocrit",
    "hematocrit,_calculated",
    "hemoglobin",
    "inr(pt)",
    "lactate",
    "magnesium",
    "ntprobnp",
    "pt",
    "ptt",
    "platelet_count",
    "potassium",
    "potassium,_whole_blood",
    "protein,_total",
    "sodium",
    "sodium,_whole_blood",
    "troponin_i",
    "troponin_t",
    "urea_nitrogen",
    "wbc_count",
    "white_blood_cells"
  ],
  "metrics": {
    "accuracy": 0.7514060742407199,
    "roc_auc": 0.8288368090706622,
    "avg_precision": 0.8134488791401417,
    "confusion_matrix": [
      [
        311,
        129
      ],
      [
        92,
        357
      ]
    ],
    "classification_report": {
      "0": {
        "precision": 0.771712158808933,
        "recall": 0.7068181818181818,
        "f1-score": 0.7378410438908659,
        "support": 440.0
      },
      "1": {
        "precision": 0.7345679012345679,
        "recall": 0.7951002227171492,
        "f1-score": 0.7636363636363637,
        "support": 449.0
      },
      "accuracy": 0.7514060742407199,
      "macro avg": {
        "precision": 0.7531400300217505,
        "recall": 0.7509592022676654,
        "f1-score": 0.7507387037636148,
        "support": 889.0
      },
      "weighted avg": {
        "precision": 0.7529520107201929,
        "recall": 0.7514060742407199,
        "f1-score": 0.7508692762482657,
        "support": 889.0
      }
    },
    "train_samples": 3555,
    "test_samples": 889,
    "positive_rate": 0.5047254725472547
  },
  "threshold": 0.3237747341853794,
  "created_at": "2026-04-15T22:20:34.278708"
}