{
  "disease_icd": "J80",
  "disease_name": "Acute Respiratory Distress Syndrome",
  "feature_names": [
    "%_hemoglobin_a1c",
    "alanine_aminotransferase_(alt)",
    "albumin",
    "alkaline_phosphatase",
    "asparate_aminotransferase_(ast)",
    "bilirubin,_direct",
    "bilirubin,_total",
    "c-reactive_protein",
    "calcium,_total",
    "creatine_kinase,_mb_isoenzyme",
    "creatinine",
    "creatinine,_whole_blood",
    "glucose",
    "hematocrit",
    "hematocrit,_calculated",
    "hemoglobin",
    "inr(pt)",
    "lactate",
    "magnesium",
    "ntprobnp",
    "pt",
    "ptt",
    "platelet_count",
    "potassium",
    "potassium,_whole_blood",
    "protein,_total",
    "sodium",
    "sodium,_whole_blood",
    "troponin_i",
    "troponin_t",
    "urea_nitrogen",
    "wbc_count",
    "white_blood_cells"
  ],
  "metrics": {
    "accuracy": 0.8316831683168316,
    "roc_auc": 0.8976034858387799,
    "avg_precision": 0.8919329847339057,
    "confusion_matrix": [
      [
        118,
        32
      ],
      [
        19,
        134
      ]
    ],
    "classification_report": {
      "0": {
        "precision": 0.8613138686131386,
        "recall": 0.7866666666666666,
        "f1-score": 0.8222996515679443,
        "support": 150.0
      },
      "1": {
        "precision": 0.8072289156626506,
        "recall": 0.8758169934640523,
        "f1-score": 0.8401253918495298,
        "support": 153.0
      },
      "accuracy": 0.8316831683168316,
      "macro avg": {
        "precision": 0.8342713921378946,
        "recall": 0.8312418300653595,
        "f1-score": 0.831212521708737,
        "support": 303.0
      },
      "weighted avg": {
        "precision": 0.8340036448460605,
        "recall": 0.8316831683168316,
        "f1-score": 0.8313007679477548,
        "support": 303.0
      }
    },
    "train_samples": 1209,
    "test_samples": 303,
    "positive_rate": 0.5033068783068783
  },
  "threshold": 0.6368070311771874,
  "created_at": "2026-04-15T10:48:23.831560"
}