{
  "disease_icd": "I33",
  "disease_name": "Infective Endocarditis",
  "feature_names": [
    "%_hemoglobin_a1c",
    "alanine_aminotransferase_(alt)",
    "albumin",
    "alkaline_phosphatase",
    "asparate_aminotransferase_(ast)",
    "bilirubin,_direct",
    "bilirubin,_total",
    "c-reactive_protein",
    "calcium,_total",
    "creatine_kinase,_mb_isoenzyme",
    "creatinine",
    "creatinine,_whole_blood",
    "glucose",
    "hematocrit",
    "hematocrit,_calculated",
    "hemoglobin",
    "inr(pt)",
    "lactate",
    "magnesium",
    "ntprobnp",
    "pt",
    "ptt",
    "platelet_count",
    "potassium",
    "potassium,_whole_blood",
    "protein,_total",
    "sodium",
    "sodium,_whole_blood",
    "troponin_i",
    "troponin_t",
    "urea_nitrogen",
    "wbc_count",
    "white_blood_cells"
  ],
  "metrics": {
    "accuracy": 0.8473282442748091,
    "roc_auc": 0.9122960372960371,
    "avg_precision": 0.9004020924169281,
    "confusion_matrix": [
      [
        106,
        24
      ],
      [
        16,
        116
      ]
    ],
    "classification_report": {
      "0": {
        "precision": 0.8688524590163934,
        "recall": 0.8153846153846154,
        "f1-score": 0.8412698412698413,
        "support": 130.0
      },
      "1": {
        "precision": 0.8285714285714286,
        "recall": 0.8787878787878788,
        "f1-score": 0.8529411764705882,
        "support": 132.0
      },
      "accuracy": 0.8473282442748091,
      "macro avg": {
        "precision": 0.848711943793911,
        "recall": 0.847086247086247,
        "f1-score": 0.8471055088702147,
        "support": 262.0
      },
      "weighted avg": {
        "precision": 0.8485581994028997,
        "recall": 0.8473282442748091,
        "f1-score": 0.8471500559511337,
        "support": 262.0
      }
    },
    "train_samples": 1046,
    "test_samples": 262,
    "positive_rate": 0.5045871559633027
  },
  "threshold": 0.3783515743481075,
  "created_at": "2026-04-16T01:05:44.758936"
}