{
  "disease_icd": "F41",
  "disease_name": "Anxiety Disorders",
  "feature_names": [
    "%_hemoglobin_a1c",
    "alanine_aminotransferase_(alt)",
    "albumin",
    "alkaline_phosphatase",
    "asparate_aminotransferase_(ast)",
    "bilirubin,_direct",
    "bilirubin,_total",
    "c-reactive_protein",
    "calcium,_total",
    "creatine_kinase,_mb_isoenzyme",
    "creatinine",
    "creatinine,_whole_blood",
    "glucose",
    "hematocrit",
    "hematocrit,_calculated",
    "hemoglobin",
    "inr(pt)",
    "lactate",
    "magnesium",
    "ntprobnp",
    "pt",
    "ptt",
    "platelet_count",
    "potassium",
    "potassium,_whole_blood",
    "protein,_total",
    "sodium",
    "sodium,_whole_blood",
    "troponin_i",
    "troponin_t",
    "urea_nitrogen",
    "wbc_count",
    "white_blood_cells"
  ],
  "metrics": {
    "accuracy": 0.638663967611336,
    "roc_auc": 0.7016304275441236,
    "avg_precision": 0.6912280071827581,
    "confusion_matrix": [
      [
        631,
        348
      ],
      [
        366,
        631
      ]
    ],
    "classification_report": {
      "0": {
        "precision": 0.6328986960882648,
        "recall": 0.644535240040858,
        "f1-score": 0.638663967611336,
        "support": 979.0
      },
      "1": {
        "precision": 0.644535240040858,
        "recall": 0.6328986960882648,
        "f1-score": 0.638663967611336,
        "support": 997.0
      },
      "accuracy": 0.638663967611336,
      "macro avg": {
        "precision": 0.6387169680645615,
        "recall": 0.6387169680645615,
        "f1-score": 0.638663967611336,
        "support": 1976.0
      },
      "weighted avg": {
        "precision": 0.6387699685177868,
        "recall": 0.638663967611336,
        "f1-score": 0.638663967611336,
        "support": 1976.0
      }
    },
    "train_samples": 7900,
    "test_samples": 1976,
    "positive_rate": 0.5044552450384772
  },
  "threshold": 0.33343310471819326,
  "created_at": "2026-04-17T21:49:36.583030"
}