{
  "disease_icd": "N39",
  "disease_name": "Urinary Tract Infection",
  "feature_names": [
    "%_hemoglobin_a1c",
    "alanine_aminotransferase_(alt)",
    "albumin",
    "alkaline_phosphatase",
    "asparate_aminotransferase_(ast)",
    "bilirubin,_direct",
    "bilirubin,_total",
    "c-reactive_protein",
    "calcium,_total",
    "creatine_kinase,_mb_isoenzyme",
    "creatinine",
    "creatinine,_whole_blood",
    "glucose",
    "hematocrit",
    "hematocrit,_calculated",
    "hemoglobin",
    "inr(pt)",
    "lactate",
    "magnesium",
    "ntprobnp",
    "pt",
    "ptt",
    "platelet_count",
    "potassium",
    "potassium,_whole_blood",
    "protein,_total",
    "sodium",
    "sodium,_whole_blood",
    "troponin_i",
    "troponin_t",
    "urea_nitrogen",
    "wbc_count",
    "white_blood_cells"
  ],
  "metrics": {
    "accuracy": 0.7144303797468354,
    "roc_auc": 0.7952470913536487,
    "avg_precision": 0.7815588671541613,
    "confusion_matrix": [
      [
        677,
        299
      ],
      [
        265,
        734
      ]
    ],
    "classification_report": {
      "0": {
        "precision": 0.7186836518046709,
        "recall": 0.6936475409836066,
        "f1-score": 0.7059436913451512,
        "support": 976.0
      },
      "1": {
        "precision": 0.7105517909002904,
        "recall": 0.7347347347347347,
        "f1-score": 0.7224409448818898,
        "support": 999.0
      },
      "accuracy": 0.7144303797468354,
      "macro avg": {
        "precision": 0.7146177213524807,
        "recall": 0.7141911378591707,
        "f1-score": 0.7141923181135206,
        "support": 1975.0
      },
      "weighted avg": {
        "precision": 0.7145703712763286,
        "recall": 0.7144303797468354,
        "f1-score": 0.7142883780708231,
        "support": 1975.0
      }
    },
    "train_samples": 7899,
    "test_samples": 1975,
    "positive_rate": 0.505570184322463
  },
  "threshold": 0.3549151093288118,
  "created_at": "2026-04-17T01:48:59.188802"
}