biogeographic_group	phenotype	n_phenotype	frequencies	in_cpic	notes	n_subjects_genotyped
afr	VKORC1 Indeterminate	112	0.0010381135992881506			53944
afr	VKORC1 Variant Absent	43983	0.4076727717633101			53944
afr	VKORC1 Variant Present	9849	0.09128911463740175			53944
amr	VKORC1 Indeterminate	26	0.0003183309662569176			40838
amr	VKORC1 Variant Absent	13686	0.16756452323816054			40838
amr	VKORC1 Variant Present	27126	0.33211714579558255			40838
eas	VKORC1 Indeterminate	0	0.0			5381
eas	VKORC1 Variant Absent	106	0.009849470358669392			5381
eas	VKORC1 Variant Present	5275	0.4901505296413306			5381
eur	VKORC1 Indeterminate	112	0.0004550182007280291			123072
eur	VKORC1 Variant Absent	46613	0.18937288741549663			123072
eur	VKORC1 Variant Present	76347	0.31017209438377535			123072
mid	VKORC1 Indeterminate	1	0.000946969696969697			528
mid	VKORC1 Variant Absent	135	0.1278409090909091			528
mid	VKORC1 Variant Present	392	0.3712121212121212			528
oth	VKORC1 Indeterminate	19	0.0004925086837057391			19289
oth	VKORC1 Variant Absent	6998	0.1813987246617243			19289
oth	VKORC1 Variant Present	12272	0.31810876665456994			19289
sas	VKORC1 Indeterminate	2	0.0004269854824935952			2342
sas	VKORC1 Variant Absent	1591	0.339666951323655			2342
sas	VKORC1 Variant Present	749	0.15990606319385142			2342
