{
  "disease_icd": "J84",
  "disease_name": "Interstitial Lung Disease",
  "feature_names": [
    "%_hemoglobin_a1c",
    "alanine_aminotransferase_(alt)",
    "albumin",
    "alkaline_phosphatase",
    "asparate_aminotransferase_(ast)",
    "bilirubin,_direct",
    "bilirubin,_total",
    "c-reactive_protein",
    "calcium,_total",
    "creatine_kinase,_mb_isoenzyme",
    "creatinine",
    "creatinine,_whole_blood",
    "glucose",
    "hematocrit",
    "hematocrit,_calculated",
    "hemoglobin",
    "inr(pt)",
    "lactate",
    "magnesium",
    "ntprobnp",
    "pt",
    "ptt",
    "platelet_count",
    "potassium",
    "potassium,_whole_blood",
    "protein,_total",
    "sodium",
    "sodium,_whole_blood",
    "troponin_i",
    "troponin_t",
    "urea_nitrogen",
    "wbc_count",
    "white_blood_cells"
  ],
  "metrics": {
    "accuracy": 0.7348927875243665,
    "roc_auc": 0.813592557687046,
    "avg_precision": 0.7880993642255186,
    "confusion_matrix": [
      [
        181,
        73
      ],
      [
        63,
        196
      ]
    ],
    "classification_report": {
      "0": {
        "precision": 0.7418032786885246,
        "recall": 0.7125984251968503,
        "f1-score": 0.7269076305220884,
        "support": 254.0
      },
      "1": {
        "precision": 0.7286245353159851,
        "recall": 0.7567567567567568,
        "f1-score": 0.7424242424242424,
        "support": 259.0
      },
      "accuracy": 0.7348927875243665,
      "macro avg": {
        "precision": 0.7352139070022549,
        "recall": 0.7346775909768035,
        "f1-score": 0.7346659364731654,
        "support": 513.0
      },
      "weighted avg": {
        "precision": 0.7351496831066773,
        "recall": 0.7348927875243665,
        "f1-score": 0.7347415534902325,
        "support": 513.0
      }
    },
    "train_samples": 2049,
    "test_samples": 513,
    "positive_rate": 0.5046838407494145
  },
  "threshold": 0.27273936662804843,
  "created_at": "2026-04-17T04:39:51.658667"
}