{
  "disease_icd": "D61",
  "disease_name": "Aplastic Anemia",
  "feature_names": [
    "%_hemoglobin_a1c",
    "alanine_aminotransferase_(alt)",
    "albumin",
    "alkaline_phosphatase",
    "asparate_aminotransferase_(ast)",
    "bilirubin,_direct",
    "bilirubin,_total",
    "c-reactive_protein",
    "calcium,_total",
    "creatine_kinase,_mb_isoenzyme",
    "creatinine",
    "creatinine,_whole_blood",
    "glucose",
    "hematocrit",
    "hematocrit,_calculated",
    "hemoglobin",
    "inr(pt)",
    "lactate",
    "magnesium",
    "ntprobnp",
    "pt",
    "ptt",
    "platelet_count",
    "potassium",
    "potassium,_whole_blood",
    "protein,_total",
    "sodium",
    "sodium,_whole_blood",
    "troponin_i",
    "troponin_t",
    "urea_nitrogen",
    "wbc_count",
    "white_blood_cells"
  ],
  "metrics": {
    "accuracy": 0.840843023255814,
    "roc_auc": 0.92151622199498,
    "avg_precision": 0.9201656218657835,
    "confusion_matrix": [
      [
        560,
        122
      ],
      [
        97,
        597
      ]
    ],
    "classification_report": {
      "0": {
        "precision": 0.852359208523592,
        "recall": 0.8211143695014663,
        "f1-score": 0.8364451082897685,
        "support": 682.0
      },
      "1": {
        "precision": 0.8303198887343533,
        "recall": 0.8602305475504323,
        "f1-score": 0.8450106157112527,
        "support": 694.0
      },
      "accuracy": 0.840843023255814,
      "macro avg": {
        "precision": 0.8413395486289726,
        "recall": 0.8406724585259493,
        "f1-score": 0.8407278620005105,
        "support": 1376.0
      },
      "weighted avg": {
        "precision": 0.8412434469438451,
        "recall": 0.840843023255814,
        "f1-score": 0.8407652115968252,
        "support": 1376.0
      }
    },
    "train_samples": 5503,
    "test_samples": 1376,
    "positive_rate": 0.5045791539467946
  },
  "threshold": 0.4006521375700075,
  "created_at": "2026-04-16T02:22:03.850273"
}