{
  "disease_icd": "I42",
  "disease_name": "Cardiomyopathy",
  "feature_names": [
    "%_hemoglobin_a1c",
    "alanine_aminotransferase_(alt)",
    "albumin",
    "alkaline_phosphatase",
    "asparate_aminotransferase_(ast)",
    "bilirubin,_direct",
    "bilirubin,_total",
    "c-reactive_protein",
    "calcium,_total",
    "creatine_kinase,_mb_isoenzyme",
    "creatinine",
    "creatinine,_whole_blood",
    "glucose",
    "hematocrit",
    "hematocrit,_calculated",
    "hemoglobin",
    "inr(pt)",
    "lactate",
    "magnesium",
    "ntprobnp",
    "pt",
    "ptt",
    "platelet_count",
    "potassium",
    "potassium,_whole_blood",
    "protein,_total",
    "sodium",
    "sodium,_whole_blood",
    "troponin_i",
    "troponin_t",
    "urea_nitrogen",
    "wbc_count",
    "white_blood_cells"
  ],
  "metrics": {
    "accuracy": 0.8001218769043267,
    "roc_auc": 0.8805694779092602,
    "avg_precision": 0.8657667970197589,
    "confusion_matrix": [
      [
        650,
        164
      ],
      [
        164,
        663
      ]
    ],
    "classification_report": {
      "0": {
        "precision": 0.7985257985257985,
        "recall": 0.7985257985257985,
        "f1-score": 0.7985257985257985,
        "support": 814.0
      },
      "1": {
        "precision": 0.8016928657799275,
        "recall": 0.8016928657799275,
        "f1-score": 0.8016928657799275,
        "support": 827.0
      },
      "accuracy": 0.8001218769043267,
      "macro avg": {
        "precision": 0.800109332152863,
        "recall": 0.800109332152863,
        "f1-score": 0.800109332152863,
        "support": 1641.0
      },
      "weighted avg": {
        "precision": 0.8001218769043267,
        "recall": 0.8001218769043267,
        "f1-score": 0.8001218769043267,
        "support": 1641.0
      }
    },
    "train_samples": 6564,
    "test_samples": 1641,
    "positive_rate": 0.5042047531992687
  },
  "threshold": 0.3314108422952728,
  "created_at": "2026-04-16T01:35:25.655411"
}