{
  "disease_icd": "I10",
  "disease_name": "Essential Hypertension",
  "feature_names": [
    "%_hemoglobin_a1c",
    "alanine_aminotransferase_(alt)",
    "albumin",
    "alkaline_phosphatase",
    "asparate_aminotransferase_(ast)",
    "bilirubin,_direct",
    "bilirubin,_total",
    "c-reactive_protein",
    "calcium,_total",
    "creatine_kinase,_mb_isoenzyme",
    "creatinine",
    "creatinine,_whole_blood",
    "glucose",
    "hematocrit",
    "hematocrit,_calculated",
    "hemoglobin",
    "inr(pt)",
    "lactate",
    "magnesium",
    "ntprobnp",
    "pt",
    "ptt",
    "platelet_count",
    "potassium",
    "potassium,_whole_blood",
    "protein,_total",
    "sodium",
    "sodium,_whole_blood",
    "troponin_i",
    "troponin_t",
    "urea_nitrogen",
    "wbc_count",
    "white_blood_cells"
  ],
  "metrics": {
    "accuracy": 0.6725798276735935,
    "roc_auc": 0.7394169210058472,
    "avg_precision": 0.7023442787520873,
    "confusion_matrix": [
      [
        630,
        348
      ],
      [
        298,
        697
      ]
    ],
    "classification_report": {
      "0": {
        "precision": 0.6788793103448276,
        "recall": 0.6441717791411042,
        "f1-score": 0.6610703043022036,
        "support": 978.0
      },
      "1": {
        "precision": 0.6669856459330143,
        "recall": 0.700502512562814,
        "f1-score": 0.6833333333333333,
        "support": 995.0
      },
      "accuracy": 0.6725798276735935,
      "macro avg": {
        "precision": 0.672932478138921,
        "recall": 0.6723371458519591,
        "f1-score": 0.6722018188177685,
        "support": 1973.0
      },
      "weighted avg": {
        "precision": 0.6728812383277195,
        "recall": 0.6725798276735935,
        "f1-score": 0.67229773151253,
        "support": 1973.0
      }
    },
    "train_samples": 7891,
    "test_samples": 1973,
    "positive_rate": 0.504257907542579
  },
  "threshold": 0.38676395457140694,
  "created_at": "2026-04-17T02:15:19.865278"
}