{
  "disease_icd": "K70",
  "disease_name": "Alcoholic Liver Disease",
  "feature_names": [
    "%_hemoglobin_a1c",
    "alanine_aminotransferase_(alt)",
    "albumin",
    "alkaline_phosphatase",
    "asparate_aminotransferase_(ast)",
    "bilirubin,_direct",
    "bilirubin,_total",
    "c-reactive_protein",
    "calcium,_total",
    "creatine_kinase,_mb_isoenzyme",
    "creatinine",
    "creatinine,_whole_blood",
    "glucose",
    "hematocrit",
    "hematocrit,_calculated",
    "hemoglobin",
    "inr(pt)",
    "lactate",
    "magnesium",
    "ntprobnp",
    "pt",
    "ptt",
    "platelet_count",
    "potassium",
    "potassium,_whole_blood",
    "protein,_total",
    "sodium",
    "sodium,_whole_blood",
    "troponin_i",
    "troponin_t",
    "urea_nitrogen",
    "wbc_count",
    "white_blood_cells"
  ],
  "metrics": {
    "accuracy": 0.8685762426284751,
    "roc_auc": 0.9415488358886995,
    "avg_precision": 0.948548919395444,
    "confusion_matrix": [
      [
        519,
        68
      ],
      [
        88,
        512
      ]
    ],
    "classification_report": {
      "0": {
        "precision": 0.8550247116968699,
        "recall": 0.8841567291311755,
        "f1-score": 0.8693467336683417,
        "support": 587.0
      },
      "1": {
        "precision": 0.8827586206896552,
        "recall": 0.8533333333333334,
        "f1-score": 0.8677966101694915,
        "support": 600.0
      },
      "accuracy": 0.8685762426284751,
      "macro avg": {
        "precision": 0.8688916661932625,
        "recall": 0.8687450312322544,
        "f1-score": 0.8685716719189166,
        "support": 1187.0
      },
      "weighted avg": {
        "precision": 0.8690435367985305,
        "recall": 0.8685762426284751,
        "f1-score": 0.868563183458308,
        "support": 1187.0
      }
    },
    "train_samples": 4747,
    "test_samples": 1187,
    "positive_rate": 0.5055611729019212
  },
  "threshold": 0.47868115536579176,
  "created_at": "2026-04-16T01:13:12.219473"
}