{
  "disease_icd": "J95",
  "disease_name": "Ventilator-Associated Complications",
  "feature_names": [
    "%_hemoglobin_a1c",
    "alanine_aminotransferase_(alt)",
    "albumin",
    "alkaline_phosphatase",
    "asparate_aminotransferase_(ast)",
    "bilirubin,_direct",
    "bilirubin,_total",
    "c-reactive_protein",
    "calcium,_total",
    "creatine_kinase,_mb_isoenzyme",
    "creatinine",
    "creatinine,_whole_blood",
    "glucose",
    "hematocrit",
    "hematocrit,_calculated",
    "hemoglobin",
    "inr(pt)",
    "lactate",
    "magnesium",
    "ntprobnp",
    "pt",
    "ptt",
    "platelet_count",
    "potassium",
    "potassium,_whole_blood",
    "protein,_total",
    "sodium",
    "sodium,_whole_blood",
    "troponin_i",
    "troponin_t",
    "urea_nitrogen",
    "wbc_count",
    "white_blood_cells"
  ],
  "metrics": {
    "accuracy": 0.7571189279731994,
    "roc_auc": 0.8322623911286702,
    "avg_precision": 0.8132428417897686,
    "confusion_matrix": [
      [
        445,
        147
      ],
      [
        143,
        459
      ]
    ],
    "classification_report": {
      "0": {
        "precision": 0.7568027210884354,
        "recall": 0.7516891891891891,
        "f1-score": 0.7542372881355932,
        "support": 592.0
      },
      "1": {
        "precision": 0.7574257425742574,
        "recall": 0.7624584717607974,
        "f1-score": 0.7599337748344371,
        "support": 602.0
      },
      "accuracy": 0.7571189279731994,
      "macro avg": {
        "precision": 0.7571142318313464,
        "recall": 0.7570738304749933,
        "f1-score": 0.7570855314850151,
        "support": 1194.0
      },
      "weighted avg": {
        "precision": 0.7571168407990425,
        "recall": 0.7571189279731994,
        "f1-score": 0.7571093861194323,
        "support": 1194.0
      }
    },
    "train_samples": 4772,
    "test_samples": 1194,
    "positive_rate": 0.5041904123365739
  },
  "threshold": 0.34892730665865324,
  "created_at": "2026-04-16T02:40:56.273129"
}