{
  "disease_icd": "G40",
  "disease_name": "Epilepsy and Seizures",
  "feature_names": [
    "%_hemoglobin_a1c",
    "alanine_aminotransferase_(alt)",
    "albumin",
    "alkaline_phosphatase",
    "asparate_aminotransferase_(ast)",
    "bilirubin,_direct",
    "bilirubin,_total",
    "c-reactive_protein",
    "calcium,_total",
    "creatine_kinase,_mb_isoenzyme",
    "creatinine",
    "creatinine,_whole_blood",
    "glucose",
    "hematocrit",
    "hematocrit,_calculated",
    "hemoglobin",
    "inr(pt)",
    "lactate",
    "magnesium",
    "ntprobnp",
    "pt",
    "ptt",
    "platelet_count",
    "potassium",
    "potassium,_whole_blood",
    "protein,_total",
    "sodium",
    "sodium,_whole_blood",
    "troponin_i",
    "troponin_t",
    "urea_nitrogen",
    "wbc_count",
    "white_blood_cells"
  ],
  "metrics": {
    "accuracy": 0.6897422940879232,
    "roc_auc": 0.7535448062281547,
    "avg_precision": 0.7378285251412894,
    "confusion_matrix": [
      [
        675,
        306
      ],
      [
        308,
        690
      ]
    ],
    "classification_report": {
      "0": {
        "precision": 0.6866734486266531,
        "recall": 0.6880733944954128,
        "f1-score": 0.6873727087576375,
        "support": 981.0
      },
      "1": {
        "precision": 0.6927710843373494,
        "recall": 0.6913827655310621,
        "f1-score": 0.6920762286860582,
        "support": 998.0
      },
      "accuracy": 0.6897422940879232,
      "macro avg": {
        "precision": 0.6897222664820013,
        "recall": 0.6897280800132375,
        "f1-score": 0.6897244687218478,
        "support": 1979.0
      },
      "weighted avg": {
        "precision": 0.6897484564282068,
        "recall": 0.6897422940879232,
        "f1-score": 0.6897446708034,
        "support": 1979.0
      }
    },
    "train_samples": 7912,
    "test_samples": 1979,
    "positive_rate": 0.5043979375189567
  },
  "threshold": 0.3176056317360009,
  "created_at": "2026-04-15T16:39:36.608262"
}