{
  "disease_icd": "I34",
  "disease_name": "Nonrheumatic Mitral Valve Disorders",
  "feature_names": [
    "%_hemoglobin_a1c",
    "alanine_aminotransferase_(alt)",
    "albumin",
    "alkaline_phosphatase",
    "asparate_aminotransferase_(ast)",
    "bilirubin,_direct",
    "bilirubin,_total",
    "c-reactive_protein",
    "calcium,_total",
    "creatine_kinase,_mb_isoenzyme",
    "creatinine",
    "creatinine,_whole_blood",
    "glucose",
    "hematocrit",
    "hematocrit,_calculated",
    "hemoglobin",
    "inr(pt)",
    "lactate",
    "magnesium",
    "ntprobnp",
    "pt",
    "ptt",
    "platelet_count",
    "potassium",
    "potassium,_whole_blood",
    "protein,_total",
    "sodium",
    "sodium,_whole_blood",
    "troponin_i",
    "troponin_t",
    "urea_nitrogen",
    "wbc_count",
    "white_blood_cells"
  ],
  "metrics": {
    "accuracy": 0.7586860391661402,
    "roc_auc": 0.8322398352569321,
    "avg_precision": 0.8162800991416721,
    "confusion_matrix": [
      [
        578,
        207
      ],
      [
        175,
        623
      ]
    ],
    "classification_report": {
      "0": {
        "precision": 0.7675962815405046,
        "recall": 0.7363057324840764,
        "f1-score": 0.7516254876462939,
        "support": 785.0
      },
      "1": {
        "precision": 0.7506024096385542,
        "recall": 0.7807017543859649,
        "f1-score": 0.7653562653562653,
        "support": 798.0
      },
      "accuracy": 0.7586860391661402,
      "macro avg": {
        "precision": 0.7590993455895294,
        "recall": 0.7585037434350206,
        "f1-score": 0.7584908765012797,
        "support": 1583.0
      },
      "weighted avg": {
        "precision": 0.7590295665829832,
        "recall": 0.7586860391661402,
        "f1-score": 0.7585472568266837,
        "support": 1583.0
      }
    },
    "train_samples": 6329,
    "test_samples": 1583,
    "positive_rate": 0.5037917087967644
  },
  "threshold": 0.2941909779582069,
  "created_at": "2026-04-17T23:39:04.090659"
}