{
  "disease_icd": "I46",
  "disease_name": "Cardiac Arrest",
  "feature_names": [
    "%_hemoglobin_a1c",
    "alanine_aminotransferase_(alt)",
    "albumin",
    "alkaline_phosphatase",
    "asparate_aminotransferase_(ast)",
    "bilirubin,_direct",
    "bilirubin,_total",
    "c-reactive_protein",
    "calcium,_total",
    "creatine_kinase,_mb_isoenzyme",
    "creatinine",
    "creatinine,_whole_blood",
    "glucose",
    "hematocrit",
    "hematocrit,_calculated",
    "hemoglobin",
    "inr(pt)",
    "lactate",
    "magnesium",
    "ntprobnp",
    "pt",
    "ptt",
    "platelet_count",
    "potassium",
    "potassium,_whole_blood",
    "protein,_total",
    "sodium",
    "sodium,_whole_blood",
    "troponin_i",
    "troponin_t",
    "urea_nitrogen",
    "wbc_count",
    "white_blood_cells"
  ],
  "metrics": {
    "accuracy": 0.8439306358381503,
    "roc_auc": 0.9236686566277583,
    "avg_precision": 0.9194049170872874,
    "confusion_matrix": [
      [
        205,
        53
      ],
      [
        28,
        233
      ]
    ],
    "classification_report": {
      "0": {
        "precision": 0.8798283261802575,
        "recall": 0.7945736434108527,
        "f1-score": 0.835030549898167,
        "support": 258.0
      },
      "1": {
        "precision": 0.8146853146853147,
        "recall": 0.89272030651341,
        "f1-score": 0.8519195612431444,
        "support": 261.0
      },
      "accuracy": 0.8439306358381503,
      "macro avg": {
        "precision": 0.8472568204327862,
        "recall": 0.8436469749621314,
        "f1-score": 0.8434750555706557,
        "support": 519.0
      },
      "weighted avg": {
        "precision": 0.8470685458330898,
        "recall": 0.8439306358381503,
        "f1-score": 0.8435238677421729,
        "support": 519.0
      }
    },
    "train_samples": 2076,
    "test_samples": 519,
    "positive_rate": 0.502504816955684
  },
  "threshold": 0.5460532142804302,
  "created_at": "2026-04-15T10:59:12.659894"
}