{
  "disease_icd": "K74",
  "disease_name": "Liver Fibrosis and Cirrhosis",
  "feature_names": [
    "%_hemoglobin_a1c",
    "alanine_aminotransferase_(alt)",
    "albumin",
    "alkaline_phosphatase",
    "asparate_aminotransferase_(ast)",
    "bilirubin,_direct",
    "bilirubin,_total",
    "c-reactive_protein",
    "calcium,_total",
    "creatine_kinase,_mb_isoenzyme",
    "creatinine",
    "creatinine,_whole_blood",
    "glucose",
    "hematocrit",
    "hematocrit,_calculated",
    "hemoglobin",
    "inr(pt)",
    "lactate",
    "magnesium",
    "ntprobnp",
    "pt",
    "ptt",
    "platelet_count",
    "potassium",
    "potassium,_whole_blood",
    "protein,_total",
    "sodium",
    "sodium,_whole_blood",
    "troponin_i",
    "troponin_t",
    "urea_nitrogen",
    "wbc_count",
    "white_blood_cells"
  ],
  "metrics": {
    "accuracy": 0.8275862068965517,
    "roc_auc": 0.9046892836757991,
    "avg_precision": 0.8961739416984413,
    "confusion_matrix": [
      [
        458,
        118
      ],
      [
        82,
        502
      ]
    ],
    "classification_report": {
      "0": {
        "precision": 0.8481481481481481,
        "recall": 0.7951388888888888,
        "f1-score": 0.8207885304659498,
        "support": 576.0
      },
      "1": {
        "precision": 0.8096774193548387,
        "recall": 0.8595890410958904,
        "f1-score": 0.8338870431893688,
        "support": 584.0
      },
      "accuracy": 0.8275862068965517,
      "macro avg": {
        "precision": 0.8289127837514934,
        "recall": 0.8273639649923896,
        "f1-score": 0.8273377868276592,
        "support": 1160.0
      },
      "weighted avg": {
        "precision": 0.8287801260659993,
        "recall": 0.8275862068965517,
        "f1-score": 0.8273829541129124,
        "support": 1160.0
      }
    },
    "train_samples": 4640,
    "test_samples": 1160,
    "positive_rate": 0.5037931034482759
  },
  "threshold": 0.39913328414644844,
  "created_at": "2026-04-15T22:25:31.883083"
}