{
  "disease_icd": "C25",
  "disease_name": "Pancreatic Cancer",
  "feature_names": [
    "%_hemoglobin_a1c",
    "alanine_aminotransferase_(alt)",
    "albumin",
    "alkaline_phosphatase",
    "asparate_aminotransferase_(ast)",
    "bilirubin,_direct",
    "bilirubin,_total",
    "c-reactive_protein",
    "calcium,_total",
    "creatine_kinase,_mb_isoenzyme",
    "creatinine",
    "creatinine,_whole_blood",
    "glucose",
    "hematocrit",
    "hematocrit,_calculated",
    "hemoglobin",
    "inr(pt)",
    "lactate",
    "magnesium",
    "ntprobnp",
    "pt",
    "ptt",
    "platelet_count",
    "potassium",
    "potassium,_whole_blood",
    "protein,_total",
    "sodium",
    "sodium,_whole_blood",
    "troponin_i",
    "troponin_t",
    "urea_nitrogen",
    "wbc_count",
    "white_blood_cells"
  ],
  "metrics": {
    "accuracy": 0.8191721132897604,
    "roc_auc": 0.9163565243809813,
    "avg_precision": 0.8948623625674269,
    "confusion_matrix": [
      [
        189,
        38
      ],
      [
        45,
        187
      ]
    ],
    "classification_report": {
      "0": {
        "precision": 0.8076923076923077,
        "recall": 0.8325991189427313,
        "f1-score": 0.8199566160520607,
        "support": 227.0
      },
      "1": {
        "precision": 0.8311111111111111,
        "recall": 0.8060344827586207,
        "f1-score": 0.8183807439824945,
        "support": 232.0
      },
      "accuracy": 0.8191721132897604,
      "macro avg": {
        "precision": 0.8194017094017094,
        "recall": 0.8193168008506759,
        "f1-score": 0.8191686800172776,
        "support": 459.0
      },
      "weighted avg": {
        "precision": 0.8195292627972366,
        "recall": 0.8191721132897604,
        "f1-score": 0.8191600968360707,
        "support": 459.0
      }
    },
    "train_samples": 1836,
    "test_samples": 459,
    "positive_rate": 0.5045751633986928
  },
  "threshold": 0.31511356271159513,
  "created_at": "2026-04-16T23:54:21.109368"
}