{
  "disease_icd": "G45",
  "disease_name": "Transient Ischemic Attack",
  "feature_names": [
    "%_hemoglobin_a1c",
    "alanine_aminotransferase_(alt)",
    "albumin",
    "alkaline_phosphatase",
    "asparate_aminotransferase_(ast)",
    "bilirubin,_direct",
    "bilirubin,_total",
    "c-reactive_protein",
    "calcium,_total",
    "creatine_kinase,_mb_isoenzyme",
    "creatinine",
    "creatinine,_whole_blood",
    "glucose",
    "hematocrit",
    "hematocrit,_calculated",
    "hemoglobin",
    "inr(pt)",
    "lactate",
    "magnesium",
    "ntprobnp",
    "pt",
    "ptt",
    "platelet_count",
    "potassium",
    "potassium,_whole_blood",
    "protein,_total",
    "sodium",
    "sodium,_whole_blood",
    "troponin_i",
    "troponin_t",
    "urea_nitrogen",
    "wbc_count",
    "white_blood_cells"
  ],
  "metrics": {
    "accuracy": 0.7352941176470589,
    "roc_auc": 0.8168950719822813,
    "avg_precision": 0.7987156821193988,
    "confusion_matrix": [
      [
        110,
        58
      ],
      [
        32,
        140
      ]
    ],
    "classification_report": {
      "0": {
        "precision": 0.7746478873239436,
        "recall": 0.6547619047619048,
        "f1-score": 0.7096774193548387,
        "support": 168.0
      },
      "1": {
        "precision": 0.7070707070707071,
        "recall": 0.813953488372093,
        "f1-score": 0.7567567567567568,
        "support": 172.0
      },
      "accuracy": 0.7352941176470589,
      "macro avg": {
        "precision": 0.7408592971973254,
        "recall": 0.7343576965669989,
        "f1-score": 0.7332170880557978,
        "support": 340.0
      },
      "weighted avg": {
        "precision": 0.7404617843723063,
        "recall": 0.7352941176470589,
        "f1-score": 0.7334940253346325,
        "support": 340.0
      }
    },
    "train_samples": 1357,
    "test_samples": 340,
    "positive_rate": 0.5044195639363582
  },
  "threshold": 0.6169669134494942,
  "created_at": "2026-04-17T02:59:31.815363"
}