{
  "disease_icd": "F31",
  "disease_name": "Bipolar Disorder",
  "feature_names": [
    "%_hemoglobin_a1c",
    "alanine_aminotransferase_(alt)",
    "albumin",
    "alkaline_phosphatase",
    "asparate_aminotransferase_(ast)",
    "bilirubin,_direct",
    "bilirubin,_total",
    "c-reactive_protein",
    "calcium,_total",
    "creatine_kinase,_mb_isoenzyme",
    "creatinine",
    "creatinine,_whole_blood",
    "glucose",
    "hematocrit",
    "hematocrit,_calculated",
    "hemoglobin",
    "inr(pt)",
    "lactate",
    "magnesium",
    "ntprobnp",
    "pt",
    "ptt",
    "platelet_count",
    "potassium",
    "potassium,_whole_blood",
    "protein,_total",
    "sodium",
    "sodium,_whole_blood",
    "troponin_i",
    "troponin_t",
    "urea_nitrogen",
    "wbc_count",
    "white_blood_cells"
  ],
  "metrics": {
    "accuracy": 0.6632064590542099,
    "roc_auc": 0.7241812378850346,
    "avg_precision": 0.714069191522528,
    "confusion_matrix": [
      [
        557,
        304
      ],
      [
        280,
        593
      ]
    ],
    "classification_report": {
      "0": {
        "precision": 0.6654719235364397,
        "recall": 0.6469221835075494,
        "f1-score": 0.6560659599528857,
        "support": 861.0
      },
      "1": {
        "precision": 0.6610925306577481,
        "recall": 0.6792668957617412,
        "f1-score": 0.6700564971751413,
        "support": 873.0
      },
      "accuracy": 0.6632064590542099,
      "macro avg": {
        "precision": 0.663282227097094,
        "recall": 0.6630945396346453,
        "f1-score": 0.6630612285640135,
        "support": 1734.0
      },
      "weighted avg": {
        "precision": 0.6632670734885172,
        "recall": 0.6632064590542099,
        "f1-score": 0.6631096387274122,
        "support": 1734.0
      }
    },
    "train_samples": 6935,
    "test_samples": 1734,
    "positive_rate": 0.5031722228630753
  },
  "threshold": 0.4011681398205166,
  "created_at": "2026-04-16T22:04:31.820720"
}