{
  "disease_icd": "E03",
  "disease_name": "Hypothyroidism",
  "feature_names": [
    "%_hemoglobin_a1c",
    "alanine_aminotransferase_(alt)",
    "albumin",
    "alkaline_phosphatase",
    "asparate_aminotransferase_(ast)",
    "bilirubin,_direct",
    "bilirubin,_total",
    "c-reactive_protein",
    "calcium,_total",
    "creatine_kinase,_mb_isoenzyme",
    "creatinine",
    "creatinine,_whole_blood",
    "glucose",
    "hematocrit",
    "hematocrit,_calculated",
    "hemoglobin",
    "inr(pt)",
    "lactate",
    "magnesium",
    "ntprobnp",
    "pt",
    "ptt",
    "platelet_count",
    "potassium",
    "potassium,_whole_blood",
    "protein,_total",
    "sodium",
    "sodium,_whole_blood",
    "troponin_i",
    "troponin_t",
    "urea_nitrogen",
    "wbc_count",
    "white_blood_cells"
  ],
  "metrics": {
    "accuracy": 0.65402124430956,
    "roc_auc": 0.6999578333722248,
    "avg_precision": 0.6654636880591434,
    "confusion_matrix": [
      [
        606,
        375
      ],
      [
        309,
        687
      ]
    ],
    "classification_report": {
      "0": {
        "precision": 0.6622950819672131,
        "recall": 0.617737003058104,
        "f1-score": 0.6392405063291139,
        "support": 981.0
      },
      "1": {
        "precision": 0.6468926553672316,
        "recall": 0.6897590361445783,
        "f1-score": 0.6676384839650146,
        "support": 996.0
      },
      "accuracy": 0.65402124430956,
      "macro avg": {
        "precision": 0.6545938686672224,
        "recall": 0.6537480196013412,
        "f1-score": 0.6534394951470642,
        "support": 1977.0
      },
      "weighted avg": {
        "precision": 0.654535437610318,
        "recall": 0.65402124430956,
        "f1-score": 0.6535472264734523,
        "support": 1977.0
      }
    },
    "train_samples": 7907,
    "test_samples": 1977,
    "positive_rate": 0.5037434237150951
  },
  "threshold": 0.2990930574183631,
  "created_at": "2026-04-16T02:18:10.121368"
}