biogeographic_group	allele	n_haplotype	frequencies	in_cpic	notes	n_subjects_genotyped
afr	Indeterminate	6	5.561322853329379e-05			53944.0
afr	rs2231142 reference (G)	104817	0.9715352958623757			53944.0
afr	rs2231142 variant (T)	3065	0.028409090909090908			53944.0
amr	Indeterminate	4	4.897399480875655e-05			40838.0
amr	rs2231142 reference (G)	67911	0.8314682403643665			40838.0
amr	rs2231142 variant (T)	13761	0.16848278564082472			40838.0
eas	Indeterminate	0	0.0			5381.0
eas	rs2231142 reference (G)	7222	0.6710648578331165			5381.0
eas	rs2231142 variant (T)	3540	0.32893514216688347			5381.0
eur	Indeterminate	14	5.687727509100364e-05			123072.0
eur	rs2231142 reference (G)	219111	0.8901740444617785			123072.0
eur	rs2231142 variant (T)	27019	0.10976907826313052			123072.0
mid	Indeterminate	0	0.0			528.0
mid	rs2231142 reference (G)	1001	0.9479166666666666			528.0
mid	rs2231142 variant (T)	55	0.052083333333333336			528.0
oth	Indeterminate	2	5.1843019337446214e-05			19289.0
oth	rs2231142 reference (G)	35159	0.9113743584426357			19289.0
oth	rs2231142 variant (T)	3417	0.08857379853802685			19289.0
sas	Indeterminate	0	0.0			2342.0
sas	rs2231142 reference (G)	4195	0.895602049530316			2342.0
sas	rs2231142 variant (T)	489	0.10439795046968403			2342.0
