biogeographic_group	allele	n_haplotype	frequencies	in_cpic	notes	n_subjects_genotyped
afr	Reference	107887	0.9999907311285778			53944.0
afr	c.3257G>A	1	9.26887142221563e-06			53944.0
afr	c.520C>T	0	0.0			53944.0
amr	Reference	81671	0.999938782506489			40838.0
amr	c.3257G>A	0	0.0			40838.0
amr	c.520C>T	5	6.121749351094569e-05			40838.0
eas	Reference	10760	0.9998141609366289			5381.0
eas	c.3257G>A	1	9.291953168556031e-05			5381.0
eas	c.520C>T	1	9.291953168556031e-05			5381.0
eur	Reference	246137	0.9999715613624545			123072.0
eur	c.3257G>A	1	4.0626625065002604e-06			123072.0
eur	c.520C>T	6	2.437597503900156e-05			123072.0
mid	Reference	1056	1.0			528.0
mid	c.3257G>A	0	0.0			528.0
mid	c.520C>T	0	0.0			528.0
oth	Reference	38577	0.9999740784903313			19289.0
oth	c.3257G>A	0	0.0			19289.0
oth	c.520C>T	1	2.5921509668723107e-05			19289.0
sas	Reference	4683	0.9997865072587532			2342.0
sas	c.3257G>A	0	0.0			2342.0
sas	c.520C>T	1	0.0002134927412467976			2342.0
