biogeographic_group	allele	n_haplotype	frequencies	in_cpic	notes	n_subjects_genotyped
afr	*1	51298	0.47547456621681744			53944.0
afr	*3	31745	0.2942403232982352			53944.0
afr	*6	13690	0.12689084977013199			53944.0
afr	*7	11133	0.10319034554352662			53944.0
afr	*8	2	1.853774284443126e-05			53944.0
afr	Indeterminate	20	0.00018537742844431263			53944.0
amr	*1	15579	0.19074146628140456			40838.0
amr	*3	63779	0.780878103726921			40838.0
amr	*6	1454	0.017802047112983006			40838.0
amr	*7	864	0.010578382878691416			40838.0
amr	*8	0	0.0			40838.0
amr	Indeterminate	0	0.0			40838.0
eas	*1	2983	0.2771789630180264			5381.0
eas	*3	7775	0.7224493588552313			5381.0
eas	*6	2	0.00018583906337112061			5381.0
eas	*7	0	0.0			5381.0
eas	*8	0	0.0			5381.0
eas	Indeterminate	2	0.00018583906337112061			5381.0
eur	*1	16029	0.06512041731669267			123072.0
eur	*3	229844	0.9337786011440458			123072.0
eur	*6	213	0.0008653471138845554			123072.0
eur	*7	51	0.00020719578783151327			123072.0
eur	*8	1	4.0626625065002604e-06			123072.0
eur	Indeterminate	6	2.437597503900156e-05			123072.0
mid	*1	98	0.0928030303030303			528.0
mid	*3	935	0.8854166666666666			528.0
mid	*6	21	0.019886363636363636			528.0
mid	*7	2	0.001893939393939394			528.0
mid	*8	0	0.0			528.0
mid	Indeterminate	0	0.0			528.0
oth	*1	5871	0.15218518326507335			19289.0
oth	*3	31119	0.8066514593809944			19289.0
oth	*6	908	0.02353673077920058			19289.0
oth	*7	680	0.017626626574731713			19289.0
oth	*8	0	0.0			19289.0
oth	Indeterminate	0	0.0			19289.0
sas	*1	1268	0.2707087959009394			2342.0
sas	*3	3412	0.7284372331340735			2342.0
sas	*6	2	0.0004269854824935952			2342.0
sas	*7	2	0.0004269854824935952			2342.0
sas	*8	0	0.0			2342.0
sas	Indeterminate	0	0.0			2342.0
