biogeographic_group	allele	n_haplotype	frequencies	in_cpic	notes	n_subjects_genotyped
afr	Indeterminate	224	0.002076227198576301			53944.0
afr	rs9923231 reference (C)	97301	0.9018704582530032			53944.0
afr	rs9923231 variant (T)	10363	0.09605331454842059			53944.0
amr	Indeterminate	52	0.0006366619325138352			40838.0
amr	rs9923231 reference (C)	47062	0.5762035359224252			40838.0
amr	rs9923231 variant (T)	34562	0.423159802145061			40838.0
eas	Indeterminate	0	0.0			5381.0
eas	rs9923231 reference (C)	1373	0.1275785170042743			5381.0
eas	rs9923231 variant (T)	9389	0.8724214829957257			5381.0
eur	Indeterminate	224	0.0009100364014560582			123072.0
eur	rs9923231 reference (C)	151254	0.6144939547581904			123072.0
eur	rs9923231 variant (T)	94666	0.3845960088403536			123072.0
mid	Indeterminate	2	0.001893939393939394			528.0
mid	rs9923231 reference (C)	524	0.4962121212121212			528.0
mid	rs9923231 variant (T)	530	0.5018939393939394			528.0
oth	Indeterminate	38	0.0009850173674114781			19289.0
oth	rs9923231 reference (C)	22938	0.5945875887811706			19289.0
oth	rs9923231 variant (T)	15602	0.4044273938514179			19289.0
sas	Indeterminate	4	0.0008539709649871904			2342.0
sas	rs9923231 reference (C)	3863	0.8247224594363791			2342.0
sas	rs9923231 variant (T)	817	0.17442356959863364			2342.0
