{
  "disease_icd": "M54",
  "disease_name": "Dorsalgia - Back Pain",
  "feature_names": [
    "%_hemoglobin_a1c",
    "alanine_aminotransferase_(alt)",
    "albumin",
    "alkaline_phosphatase",
    "asparate_aminotransferase_(ast)",
    "bilirubin,_direct",
    "bilirubin,_total",
    "c-reactive_protein",
    "calcium,_total",
    "creatine_kinase,_mb_isoenzyme",
    "creatinine",
    "creatinine,_whole_blood",
    "glucose",
    "hematocrit",
    "hematocrit,_calculated",
    "hemoglobin",
    "inr(pt)",
    "lactate",
    "magnesium",
    "ntprobnp",
    "pt",
    "ptt",
    "platelet_count",
    "potassium",
    "potassium,_whole_blood",
    "protein,_total",
    "sodium",
    "sodium,_whole_blood",
    "troponin_i",
    "troponin_t",
    "urea_nitrogen",
    "wbc_count",
    "white_blood_cells"
  ],
  "metrics": {
    "accuracy": 0.6567239635995955,
    "roc_auc": 0.7085214539268129,
    "avg_precision": 0.6946500860219336,
    "confusion_matrix": [
      [
        660,
        324
      ],
      [
        355,
        639
      ]
    ],
    "classification_report": {
      "0": {
        "precision": 0.6502463054187192,
        "recall": 0.6707317073170732,
        "f1-score": 0.6603301650825413,
        "support": 984.0
      },
      "1": {
        "precision": 0.6635514018691588,
        "recall": 0.6428571428571429,
        "f1-score": 0.6530403679100665,
        "support": 994.0
      },
      "accuracy": 0.6567239635995955,
      "macro avg": {
        "precision": 0.6568988536439391,
        "recall": 0.6567944250871081,
        "f1-score": 0.6566852664963039,
        "support": 1978.0
      },
      "weighted avg": {
        "precision": 0.6569324863447743,
        "recall": 0.6567239635995955,
        "f1-score": 0.6566668393042602,
        "support": 1978.0
      }
    },
    "train_samples": 7909,
    "test_samples": 1978,
    "positive_rate": 0.5024780014160009
  },
  "threshold": 0.27627741066383926,
  "created_at": "2026-04-17T23:47:13.032490"
}