{
  "disease_icd": "T40",
  "disease_name": "Opioid Poisoning",
  "feature_names": [
    "%_hemoglobin_a1c",
    "alanine_aminotransferase_(alt)",
    "albumin",
    "alkaline_phosphatase",
    "asparate_aminotransferase_(ast)",
    "bilirubin,_direct",
    "bilirubin,_total",
    "c-reactive_protein",
    "calcium,_total",
    "creatine_kinase,_mb_isoenzyme",
    "creatinine",
    "creatinine,_whole_blood",
    "glucose",
    "hematocrit",
    "hematocrit,_calculated",
    "hemoglobin",
    "inr(pt)",
    "lactate",
    "magnesium",
    "ntprobnp",
    "pt",
    "ptt",
    "platelet_count",
    "potassium",
    "potassium,_whole_blood",
    "protein,_total",
    "sodium",
    "sodium,_whole_blood",
    "troponin_i",
    "troponin_t",
    "urea_nitrogen",
    "wbc_count",
    "white_blood_cells"
  ],
  "metrics": {
    "accuracy": 0.6884422110552764,
    "roc_auc": 0.7651585426690249,
    "avg_precision": 0.7558460272952554,
    "confusion_matrix": [
      [
        483,
        211
      ],
      [
        223,
        476
      ]
    ],
    "classification_report": {
      "0": {
        "precision": 0.6841359773371105,
        "recall": 0.6959654178674352,
        "f1-score": 0.69,
        "support": 694.0
      },
      "1": {
        "precision": 0.6928675400291121,
        "recall": 0.6809728183118741,
        "f1-score": 0.6868686868686869,
        "support": 699.0
      },
      "accuracy": 0.6884422110552764,
      "macro avg": {
        "precision": 0.6885017586831113,
        "recall": 0.6884691180896546,
        "f1-score": 0.6884343434343434,
        "support": 1393.0
      },
      "weighted avg": {
        "precision": 0.6885174291114889,
        "recall": 0.6884422110552764,
        "f1-score": 0.6884287237051057,
        "support": 1393.0
      }
    },
    "train_samples": 5571,
    "test_samples": 1393,
    "positive_rate": 0.5020103388856979
  },
  "threshold": 0.3589094171679308,
  "created_at": "2026-04-17T03:38:04.953441"
}