{
  "disease_icd": "F19",
  "disease_name": "Polysubstance Use Disorder",
  "feature_names": [
    "%_hemoglobin_a1c",
    "alanine_aminotransferase_(alt)",
    "albumin",
    "alkaline_phosphatase",
    "asparate_aminotransferase_(ast)",
    "bilirubin,_direct",
    "bilirubin,_total",
    "c-reactive_protein",
    "calcium,_total",
    "creatine_kinase,_mb_isoenzyme",
    "creatinine",
    "creatinine,_whole_blood",
    "glucose",
    "hematocrit",
    "hematocrit,_calculated",
    "hemoglobin",
    "inr(pt)",
    "lactate",
    "magnesium",
    "ntprobnp",
    "pt",
    "ptt",
    "platelet_count",
    "potassium",
    "potassium,_whole_blood",
    "protein,_total",
    "sodium",
    "sodium,_whole_blood",
    "troponin_i",
    "troponin_t",
    "urea_nitrogen",
    "wbc_count",
    "white_blood_cells"
  ],
  "metrics": {
    "accuracy": 0.6687116564417178,
    "roc_auc": 0.7345659844742414,
    "avg_precision": 0.7254857563291397,
    "confusion_matrix": [
      [
        209,
        116
      ],
      [
        100,
        227
      ]
    ],
    "classification_report": {
      "0": {
        "precision": 0.6763754045307443,
        "recall": 0.6430769230769231,
        "f1-score": 0.6593059936908517,
        "support": 325.0
      },
      "1": {
        "precision": 0.6618075801749271,
        "recall": 0.6941896024464832,
        "f1-score": 0.6776119402985075,
        "support": 327.0
      },
      "accuracy": 0.6687116564417178,
      "macro avg": {
        "precision": 0.6690914923528357,
        "recall": 0.6686332627617031,
        "f1-score": 0.6684589669946797,
        "support": 652.0
      },
      "weighted avg": {
        "precision": 0.6690691490639464,
        "recall": 0.6687116564417178,
        "f1-score": 0.6684870435999061,
        "support": 652.0
      }
    },
    "train_samples": 2604,
    "test_samples": 652,
    "positive_rate": 0.5009213759213759
  },
  "threshold": 0.23249505281848643,
  "created_at": "2026-04-16T02:10:40.820587"
}