{
  "disease_icd": "K29",
  "disease_name": "Gastritis and Duodenitis",
  "feature_names": [
    "%_hemoglobin_a1c",
    "alanine_aminotransferase_(alt)",
    "albumin",
    "alkaline_phosphatase",
    "asparate_aminotransferase_(ast)",
    "bilirubin,_direct",
    "bilirubin,_total",
    "c-reactive_protein",
    "calcium,_total",
    "creatine_kinase,_mb_isoenzyme",
    "creatinine",
    "creatinine,_whole_blood",
    "glucose",
    "hematocrit",
    "hematocrit,_calculated",
    "hemoglobin",
    "inr(pt)",
    "lactate",
    "magnesium",
    "ntprobnp",
    "pt",
    "ptt",
    "platelet_count",
    "potassium",
    "potassium,_whole_blood",
    "protein,_total",
    "sodium",
    "sodium,_whole_blood",
    "troponin_i",
    "troponin_t",
    "urea_nitrogen",
    "wbc_count",
    "white_blood_cells"
  ],
  "metrics": {
    "accuracy": 0.6995515695067265,
    "roc_auc": 0.7799701392642933,
    "avg_precision": 0.7552014628357803,
    "confusion_matrix": [
      [
        364,
        188
      ],
      [
        147,
        416
      ]
    ],
    "classification_report": {
      "0": {
        "precision": 0.7123287671232876,
        "recall": 0.6594202898550725,
        "f1-score": 0.6848541862652869,
        "support": 552.0
      },
      "1": {
        "precision": 0.6887417218543046,
        "recall": 0.738898756660746,
        "f1-score": 0.7129391602399314,
        "support": 563.0
      },
      "accuracy": 0.6995515695067265,
      "macro avg": {
        "precision": 0.7005352444887961,
        "recall": 0.6991595232579093,
        "f1-score": 0.6988966732526092,
        "support": 1115.0
      },
      "weighted avg": {
        "precision": 0.7004188958350029,
        "recall": 0.6995515695067265,
        "f1-score": 0.6990352089986724,
        "support": 1115.0
      }
    },
    "train_samples": 4458,
    "test_samples": 1115,
    "positive_rate": 0.5047550690830791
  },
  "threshold": 0.3186052008084847,
  "created_at": "2026-04-17T22:13:01.881476"
}