{
  "disease_icd": "S06",
  "disease_name": "Traumatic Brain Injury",
  "feature_names": [
    "%_hemoglobin_a1c",
    "alanine_aminotransferase_(alt)",
    "albumin",
    "alkaline_phosphatase",
    "asparate_aminotransferase_(ast)",
    "bilirubin,_direct",
    "bilirubin,_total",
    "c-reactive_protein",
    "calcium,_total",
    "creatine_kinase,_mb_isoenzyme",
    "creatinine",
    "creatinine,_whole_blood",
    "glucose",
    "hematocrit",
    "hematocrit,_calculated",
    "hemoglobin",
    "inr(pt)",
    "lactate",
    "magnesium",
    "ntprobnp",
    "pt",
    "ptt",
    "platelet_count",
    "potassium",
    "potassium,_whole_blood",
    "protein,_total",
    "sodium",
    "sodium,_whole_blood",
    "troponin_i",
    "troponin_t",
    "urea_nitrogen",
    "wbc_count",
    "white_blood_cells"
  ],
  "metrics": {
    "accuracy": 0.6968477531857814,
    "roc_auc": 0.7590697255960412,
    "avg_precision": 0.7348033656056778,
    "confusion_matrix": [
      [
        493,
        248
      ],
      [
        204,
        546
      ]
    ],
    "classification_report": {
      "0": {
        "precision": 0.7073170731707317,
        "recall": 0.6653171390013495,
        "f1-score": 0.6856745479833102,
        "support": 741.0
      },
      "1": {
        "precision": 0.6876574307304786,
        "recall": 0.728,
        "f1-score": 0.7072538860103627,
        "support": 750.0
      },
      "accuracy": 0.6968477531857814,
      "macro avg": {
        "precision": 0.6974872519506051,
        "recall": 0.6966585695006747,
        "f1-score": 0.6964642169968365,
        "support": 1491.0
      },
      "weighted avg": {
        "precision": 0.6974279170136628,
        "recall": 0.6968477531857814,
        "f1-score": 0.6965293457836383,
        "support": 1491.0
      }
    },
    "train_samples": 5964,
    "test_samples": 1491,
    "positive_rate": 0.5030181086519114
  },
  "threshold": 0.2944446703819752,
  "created_at": "2026-04-16T00:43:17.619833"
}