{
  "disease_icd": "G43",
  "disease_name": "Migraine",
  "feature_names": [
    "%_hemoglobin_a1c",
    "alanine_aminotransferase_(alt)",
    "albumin",
    "alkaline_phosphatase",
    "asparate_aminotransferase_(ast)",
    "bilirubin,_direct",
    "bilirubin,_total",
    "c-reactive_protein",
    "calcium,_total",
    "creatine_kinase,_mb_isoenzyme",
    "creatinine",
    "creatinine,_whole_blood",
    "glucose",
    "hematocrit",
    "hematocrit,_calculated",
    "hemoglobin",
    "inr(pt)",
    "lactate",
    "magnesium",
    "ntprobnp",
    "pt",
    "ptt",
    "platelet_count",
    "potassium",
    "potassium,_whole_blood",
    "protein,_total",
    "sodium",
    "sodium,_whole_blood",
    "troponin_i",
    "troponin_t",
    "urea_nitrogen",
    "wbc_count",
    "white_blood_cells"
  ],
  "metrics": {
    "accuracy": 0.6866840731070496,
    "roc_auc": 0.75725088249796,
    "avg_precision": 0.7459312836878613,
    "confusion_matrix": [
      [
        641,
        307
      ],
      [
        293,
        674
      ]
    ],
    "classification_report": {
      "0": {
        "precision": 0.6862955032119914,
        "recall": 0.6761603375527426,
        "f1-score": 0.6811902231668437,
        "support": 948.0
      },
      "1": {
        "precision": 0.6870540265035678,
        "recall": 0.6970010341261634,
        "f1-score": 0.6919917864476386,
        "support": 967.0
      },
      "accuracy": 0.6866840731070496,
      "macro avg": {
        "precision": 0.6866747648577796,
        "recall": 0.686580685839453,
        "f1-score": 0.6865910048072412,
        "support": 1915.0
      },
      "weighted avg": {
        "precision": 0.686678527767059,
        "recall": 0.6866840731070496,
        "f1-score": 0.6866445895859188,
        "support": 1915.0
      }
    },
    "train_samples": 7659,
    "test_samples": 1915,
    "positive_rate": 0.5048046793398788
  },
  "threshold": 0.3616226744247329,
  "created_at": "2026-04-17T23:10:48.428263"
}