{
  "disease_icd": "I62",
  "disease_name": "Other Nontraumatic Intracranial Hemorrhage",
  "feature_names": [
    "%_hemoglobin_a1c",
    "alanine_aminotransferase_(alt)",
    "albumin",
    "alkaline_phosphatase",
    "asparate_aminotransferase_(ast)",
    "bilirubin,_direct",
    "bilirubin,_total",
    "c-reactive_protein",
    "calcium,_total",
    "creatine_kinase,_mb_isoenzyme",
    "creatinine",
    "creatinine,_whole_blood",
    "glucose",
    "hematocrit",
    "hematocrit,_calculated",
    "hemoglobin",
    "inr(pt)",
    "lactate",
    "magnesium",
    "ntprobnp",
    "pt",
    "ptt",
    "platelet_count",
    "potassium",
    "potassium,_whole_blood",
    "protein,_total",
    "sodium",
    "sodium,_whole_blood",
    "troponin_i",
    "troponin_t",
    "urea_nitrogen",
    "wbc_count",
    "white_blood_cells"
  ],
  "metrics": {
    "accuracy": 0.6571428571428571,
    "roc_auc": 0.7411206368646662,
    "avg_precision": 0.7194539020110888,
    "confusion_matrix": [
      [
        94,
        44
      ],
      [
        52,
        90
      ]
    ],
    "classification_report": {
      "0": {
        "precision": 0.6438356164383562,
        "recall": 0.6811594202898551,
        "f1-score": 0.6619718309859155,
        "support": 138.0
      },
      "1": {
        "precision": 0.6716417910447762,
        "recall": 0.6338028169014085,
        "f1-score": 0.6521739130434783,
        "support": 142.0
      },
      "accuracy": 0.6571428571428571,
      "macro avg": {
        "precision": 0.6577387037415662,
        "recall": 0.6574811185956317,
        "f1-score": 0.6570728720146969,
        "support": 280.0
      },
      "weighted avg": {
        "precision": 0.6579373192744692,
        "recall": 0.6571428571428571,
        "f1-score": 0.6570028868865366,
        "support": 280.0
      }
    },
    "train_samples": 1119,
    "test_samples": 280,
    "positive_rate": 0.505360972122945
  },
  "threshold": 0.21304451263381638,
  "created_at": "2026-04-16T01:50:48.827032"
}