{
  "disease_icd": "C18",
  "disease_name": "Colon Cancer",
  "feature_names": [
    "%_hemoglobin_a1c",
    "alanine_aminotransferase_(alt)",
    "albumin",
    "alkaline_phosphatase",
    "asparate_aminotransferase_(ast)",
    "bilirubin,_direct",
    "bilirubin,_total",
    "c-reactive_protein",
    "calcium,_total",
    "creatine_kinase,_mb_isoenzyme",
    "creatinine",
    "creatinine,_whole_blood",
    "glucose",
    "hematocrit",
    "hematocrit,_calculated",
    "hemoglobin",
    "inr(pt)",
    "lactate",
    "magnesium",
    "ntprobnp",
    "pt",
    "ptt",
    "platelet_count",
    "potassium",
    "potassium,_whole_blood",
    "protein,_total",
    "sodium",
    "sodium,_whole_blood",
    "troponin_i",
    "troponin_t",
    "urea_nitrogen",
    "wbc_count",
    "white_blood_cells"
  ],
  "metrics": {
    "accuracy": 0.6891891891891891,
    "roc_auc": 0.7745970871570105,
    "avg_precision": 0.7913373001079028,
    "confusion_matrix": [
      [
        106,
        41
      ],
      [
        51,
        98
      ]
    ],
    "classification_report": {
      "0": {
        "precision": 0.6751592356687898,
        "recall": 0.7210884353741497,
        "f1-score": 0.6973684210526315,
        "support": 147.0
      },
      "1": {
        "precision": 0.7050359712230215,
        "recall": 0.6577181208053692,
        "f1-score": 0.6805555555555556,
        "support": 149.0
      },
      "accuracy": 0.6891891891891891,
      "macro avg": {
        "precision": 0.6900976034459056,
        "recall": 0.6894032780897594,
        "f1-score": 0.6889619883040936,
        "support": 296.0
      },
      "weighted avg": {
        "precision": 0.6901985383633186,
        "recall": 0.6891891891891891,
        "f1-score": 0.6889051880828196,
        "support": 296.0
      }
    },
    "train_samples": 1181,
    "test_samples": 296,
    "positive_rate": 0.5037237643872715
  },
  "threshold": 0.17866942889201815,
  "created_at": "2026-04-16T23:49:56.468307"
}