{
  "disease_icd": "R57",
  "disease_name": "Shock",
  "feature_names": [
    "%_hemoglobin_a1c",
    "alanine_aminotransferase_(alt)",
    "albumin",
    "alkaline_phosphatase",
    "asparate_aminotransferase_(ast)",
    "bilirubin,_direct",
    "bilirubin,_total",
    "c-reactive_protein",
    "calcium,_total",
    "creatine_kinase,_mb_isoenzyme",
    "creatinine",
    "creatinine,_whole_blood",
    "glucose",
    "hematocrit",
    "hematocrit,_calculated",
    "hemoglobin",
    "inr(pt)",
    "lactate",
    "magnesium",
    "ntprobnp",
    "pt",
    "ptt",
    "platelet_count",
    "potassium",
    "potassium,_whole_blood",
    "protein,_total",
    "sodium",
    "sodium,_whole_blood",
    "troponin_i",
    "troponin_t",
    "urea_nitrogen",
    "wbc_count",
    "white_blood_cells"
  ],
  "metrics": {
    "accuracy": 0.8420787083753785,
    "roc_auc": 0.9193832693324047,
    "avg_precision": 0.9032720480946966,
    "confusion_matrix": [
      [
        779,
        204
      ],
      [
        109,
        890
      ]
    ],
    "classification_report": {
      "0": {
        "precision": 0.8772522522522522,
        "recall": 0.7924720244150559,
        "f1-score": 0.8327097808658471,
        "support": 983.0
      },
      "1": {
        "precision": 0.8135283363802559,
        "recall": 0.8908908908908909,
        "f1-score": 0.8504538939321548,
        "support": 999.0
      },
      "accuracy": 0.8420787083753785,
      "macro avg": {
        "precision": 0.8453902943162541,
        "recall": 0.8416814576529734,
        "f1-score": 0.8415818373990009,
        "support": 1982.0
      },
      "weighted avg": {
        "precision": 0.8451330837577394,
        "recall": 0.8420787083753785,
        "f1-score": 0.8416534584406409,
        "support": 1982.0
      }
    },
    "train_samples": 7924,
    "test_samples": 1982,
    "positive_rate": 0.5039370078740157
  },
  "threshold": 0.39288266487684614,
  "created_at": "2026-04-17T01:58:34.581191"
}