{
  "disease_icd": "E87",
  "disease_name": "Electrolyte Disorders",
  "feature_names": [
    "%_hemoglobin_a1c",
    "alanine_aminotransferase_(alt)",
    "albumin",
    "alkaline_phosphatase",
    "asparate_aminotransferase_(ast)",
    "bilirubin,_direct",
    "bilirubin,_total",
    "c-reactive_protein",
    "calcium,_total",
    "creatine_kinase,_mb_isoenzyme",
    "creatinine",
    "creatinine,_whole_blood",
    "glucose",
    "hematocrit",
    "hematocrit,_calculated",
    "hemoglobin",
    "inr(pt)",
    "lactate",
    "magnesium",
    "ntprobnp",
    "pt",
    "ptt",
    "platelet_count",
    "potassium",
    "potassium,_whole_blood",
    "protein,_total",
    "sodium",
    "sodium,_whole_blood",
    "troponin_i",
    "troponin_t",
    "urea_nitrogen",
    "wbc_count",
    "white_blood_cells"
  ],
  "metrics": {
    "accuracy": 0.7467071935157041,
    "roc_auc": 0.8224018890685557,
    "avg_precision": 0.8131237219996781,
    "confusion_matrix": [
      [
        721,
        254
      ],
      [
        246,
        753
      ]
    ],
    "classification_report": {
      "0": {
        "precision": 0.7456049638055843,
        "recall": 0.7394871794871795,
        "f1-score": 0.7425334706488157,
        "support": 975.0
      },
      "1": {
        "precision": 0.7477656405163853,
        "recall": 0.7537537537537538,
        "f1-score": 0.7507477567298105,
        "support": 999.0
      },
      "accuracy": 0.7467071935157041,
      "macro avg": {
        "precision": 0.7466853021609847,
        "recall": 0.7466204666204665,
        "f1-score": 0.7466406136893131,
        "support": 1974.0
      },
      "weighted avg": {
        "precision": 0.7466984369738164,
        "recall": 0.7467071935157041,
        "f1-score": 0.7466905485591064,
        "support": 1974.0
      }
    },
    "train_samples": 7894,
    "test_samples": 1974,
    "positive_rate": 0.5061815970814755
  },
  "threshold": 0.3944641324811324,
  "created_at": "2026-04-15T10:55:39.032486"
}