{
  "disease_icd": "M17",
  "disease_name": "Osteoarthritis of Knee",
  "feature_names": [
    "%_hemoglobin_a1c",
    "alanine_aminotransferase_(alt)",
    "albumin",
    "alkaline_phosphatase",
    "asparate_aminotransferase_(ast)",
    "bilirubin,_direct",
    "bilirubin,_total",
    "c-reactive_protein",
    "calcium,_total",
    "creatine_kinase,_mb_isoenzyme",
    "creatinine",
    "creatinine,_whole_blood",
    "glucose",
    "hematocrit",
    "hematocrit,_calculated",
    "hemoglobin",
    "inr(pt)",
    "lactate",
    "magnesium",
    "ntprobnp",
    "pt",
    "ptt",
    "platelet_count",
    "potassium",
    "potassium,_whole_blood",
    "protein,_total",
    "sodium",
    "sodium,_whole_blood",
    "troponin_i",
    "troponin_t",
    "urea_nitrogen",
    "wbc_count",
    "white_blood_cells"
  ],
  "metrics": {
    "accuracy": 0.7318900915903414,
    "roc_auc": 0.79240646753751,
    "avg_precision": 0.7857526557184452,
    "confusion_matrix": [
      [
        430,
        165
      ],
      [
        157,
        449
      ]
    ],
    "classification_report": {
      "0": {
        "precision": 0.7325383304940375,
        "recall": 0.7226890756302521,
        "f1-score": 0.727580372250423,
        "support": 595.0
      },
      "1": {
        "precision": 0.7312703583061889,
        "recall": 0.740924092409241,
        "f1-score": 0.7360655737704918,
        "support": 606.0
      },
      "accuracy": 0.7318900915903414,
      "macro avg": {
        "precision": 0.7319043444001132,
        "recall": 0.7318065840197465,
        "f1-score": 0.7318229730104574,
        "support": 1201.0
      },
      "weighted avg": {
        "precision": 0.7318985376998358,
        "recall": 0.7318900915903414,
        "f1-score": 0.7318618311356534,
        "support": 1201.0
      }
    },
    "train_samples": 4804,
    "test_samples": 1201,
    "positive_rate": 0.5044129891756869
  },
  "threshold": 0.45185414200669227,
  "created_at": "2026-04-18T00:15:21.279658"
}