{
  "disease_icd": "G20",
  "disease_name": "Parkinson Disease",
  "feature_names": [
    "%_hemoglobin_a1c",
    "alanine_aminotransferase_(alt)",
    "albumin",
    "alkaline_phosphatase",
    "asparate_aminotransferase_(ast)",
    "bilirubin,_direct",
    "bilirubin,_total",
    "c-reactive_protein",
    "calcium,_total",
    "creatine_kinase,_mb_isoenzyme",
    "creatinine",
    "creatinine,_whole_blood",
    "glucose",
    "hematocrit",
    "hematocrit,_calculated",
    "hemoglobin",
    "inr(pt)",
    "lactate",
    "magnesium",
    "ntprobnp",
    "pt",
    "ptt",
    "platelet_count",
    "potassium",
    "potassium,_whole_blood",
    "protein,_total",
    "sodium",
    "sodium,_whole_blood",
    "troponin_i",
    "troponin_t",
    "urea_nitrogen",
    "wbc_count",
    "white_blood_cells"
  ],
  "metrics": {
    "accuracy": 0.7462932454695222,
    "roc_auc": 0.8300618825317556,
    "avg_precision": 0.8288189718290997,
    "confusion_matrix": [
      [
        220,
        82
      ],
      [
        72,
        233
      ]
    ],
    "classification_report": {
      "0": {
        "precision": 0.7534246575342466,
        "recall": 0.7284768211920529,
        "f1-score": 0.7407407407407407,
        "support": 302.0
      },
      "1": {
        "precision": 0.7396825396825397,
        "recall": 0.7639344262295082,
        "f1-score": 0.7516129032258064,
        "support": 305.0
      },
      "accuracy": 0.7462932454695222,
      "macro avg": {
        "precision": 0.7465535986083931,
        "recall": 0.7462056237107806,
        "f1-score": 0.7461768219832736,
        "support": 607.0
      },
      "weighted avg": {
        "precision": 0.7465196395033231,
        "recall": 0.7462932454695222,
        "f1-score": 0.7462036889416387,
        "support": 607.0
      }
    },
    "train_samples": 2427,
    "test_samples": 607,
    "positive_rate": 0.5029663810151616
  },
  "threshold": 0.3884688040092242,
  "created_at": "2026-04-17T02:11:10.401679"
}