{
  "disease_icd": "K72",
  "disease_name": "Hepatic Failure",
  "feature_names": [
    "%_hemoglobin_a1c",
    "alanine_aminotransferase_(alt)",
    "albumin",
    "alkaline_phosphatase",
    "asparate_aminotransferase_(ast)",
    "bilirubin,_direct",
    "bilirubin,_total",
    "c-reactive_protein",
    "calcium,_total",
    "creatine_kinase,_mb_isoenzyme",
    "creatinine",
    "creatinine,_whole_blood",
    "glucose",
    "hematocrit",
    "hematocrit,_calculated",
    "hemoglobin",
    "inr(pt)",
    "lactate",
    "magnesium",
    "ntprobnp",
    "pt",
    "ptt",
    "platelet_count",
    "potassium",
    "potassium,_whole_blood",
    "protein,_total",
    "sodium",
    "sodium,_whole_blood",
    "troponin_i",
    "troponin_t",
    "urea_nitrogen",
    "wbc_count",
    "white_blood_cells"
  ],
  "metrics": {
    "accuracy": 0.887223974763407,
    "roc_auc": 0.9576245674008723,
    "avg_precision": 0.9559953176321053,
    "confusion_matrix": [
      [
        550,
        79
      ],
      [
        64,
        575
      ]
    ],
    "classification_report": {
      "0": {
        "precision": 0.8957654723127035,
        "recall": 0.8744038155802861,
        "f1-score": 0.8849557522123894,
        "support": 629.0
      },
      "1": {
        "precision": 0.8792048929663608,
        "recall": 0.8998435054773083,
        "f1-score": 0.8894044856921887,
        "support": 639.0
      },
      "accuracy": 0.887223974763407,
      "macro avg": {
        "precision": 0.8874851826395322,
        "recall": 0.8871236605287972,
        "f1-score": 0.887180118952289,
        "support": 1268.0
      },
      "weighted avg": {
        "precision": 0.8874198806705008,
        "recall": 0.887223974763407,
        "f1-score": 0.8871976612767362,
        "support": 1268.0
      }
    },
    "train_samples": 5068,
    "test_samples": 1268,
    "positive_rate": 0.5036300505050505
  },
  "threshold": 0.3615046400238613,
  "created_at": "2026-04-15T04:08:31.691992"
}