{
  "disease_icd": "R40",
  "disease_name": "Somnolence Stupor Coma",
  "feature_names": [
    "%_hemoglobin_a1c",
    "alanine_aminotransferase_(alt)",
    "albumin",
    "alkaline_phosphatase",
    "asparate_aminotransferase_(ast)",
    "bilirubin,_direct",
    "bilirubin,_total",
    "c-reactive_protein",
    "calcium,_total",
    "creatine_kinase,_mb_isoenzyme",
    "creatinine",
    "creatinine,_whole_blood",
    "glucose",
    "hematocrit",
    "hematocrit,_calculated",
    "hemoglobin",
    "inr(pt)",
    "lactate",
    "magnesium",
    "ntprobnp",
    "pt",
    "ptt",
    "platelet_count",
    "potassium",
    "potassium,_whole_blood",
    "protein,_total",
    "sodium",
    "sodium,_whole_blood",
    "troponin_i",
    "troponin_t",
    "urea_nitrogen",
    "wbc_count",
    "white_blood_cells"
  ],
  "metrics": {
    "accuracy": 0.7098445595854922,
    "roc_auc": 0.7903020359460063,
    "avg_precision": 0.7849201783121833,
    "confusion_matrix": [
      [
        407,
        168
      ],
      [
        168,
        415
      ]
    ],
    "classification_report": {
      "0": {
        "precision": 0.7078260869565217,
        "recall": 0.7078260869565217,
        "f1-score": 0.7078260869565217,
        "support": 575.0
      },
      "1": {
        "precision": 0.7118353344768439,
        "recall": 0.7118353344768439,
        "f1-score": 0.7118353344768439,
        "support": 583.0
      },
      "accuracy": 0.7098445595854922,
      "macro avg": {
        "precision": 0.7098307107166828,
        "recall": 0.7098307107166828,
        "f1-score": 0.7098307107166828,
        "support": 1158.0
      },
      "weighted avg": {
        "precision": 0.7098445595854922,
        "recall": 0.7098445595854922,
        "f1-score": 0.7098445595854922,
        "support": 1158.0
      }
    },
    "train_samples": 4630,
    "test_samples": 1158,
    "positive_rate": 0.5036281962681409
  },
  "threshold": 0.3464348522640231,
  "created_at": "2026-04-17T04:30:49.810430"
}