{
  "disease_icd": "N40",
  "disease_name": "Benign Prostatic Hyperplasia",
  "feature_names": [
    "%_hemoglobin_a1c",
    "alanine_aminotransferase_(alt)",
    "albumin",
    "alkaline_phosphatase",
    "asparate_aminotransferase_(ast)",
    "bilirubin,_direct",
    "bilirubin,_total",
    "c-reactive_protein",
    "calcium,_total",
    "creatine_kinase,_mb_isoenzyme",
    "creatinine",
    "creatinine,_whole_blood",
    "glucose",
    "hematocrit",
    "hematocrit,_calculated",
    "hemoglobin",
    "inr(pt)",
    "lactate",
    "magnesium",
    "ntprobnp",
    "pt",
    "ptt",
    "platelet_count",
    "potassium",
    "potassium,_whole_blood",
    "protein,_total",
    "sodium",
    "sodium,_whole_blood",
    "troponin_i",
    "troponin_t",
    "urea_nitrogen",
    "wbc_count",
    "white_blood_cells"
  ],
  "metrics": {
    "accuracy": 0.7337038908539667,
    "roc_auc": 0.807427290871243,
    "avg_precision": 0.757472413250002,
    "confusion_matrix": [
      [
        689,
        292
      ],
      [
        235,
        763
      ]
    ],
    "classification_report": {
      "0": {
        "precision": 0.7456709956709957,
        "recall": 0.7023445463812437,
        "f1-score": 0.7233595800524935,
        "support": 981.0
      },
      "1": {
        "precision": 0.7232227488151659,
        "recall": 0.7645290581162325,
        "f1-score": 0.7433024841695081,
        "support": 998.0
      },
      "accuracy": 0.7337038908539667,
      "macro avg": {
        "precision": 0.7344468722430808,
        "recall": 0.7334368022487381,
        "f1-score": 0.7333310321110007,
        "support": 1979.0
      },
      "weighted avg": {
        "precision": 0.7343504548109058,
        "recall": 0.7337038908539667,
        "f1-score": 0.7334166888492496,
        "support": 1979.0
      }
    },
    "train_samples": 7915,
    "test_samples": 1979,
    "positive_rate": 0.5041439256114817
  },
  "threshold": 0.39327602570785736,
  "created_at": "2026-04-17T23:15:20.360691"
}