{
  "disease_icd": "J18",
  "disease_name": "Pneumonia Unspecified",
  "feature_names": [
    "%_hemoglobin_a1c",
    "alanine_aminotransferase_(alt)",
    "albumin",
    "alkaline_phosphatase",
    "asparate_aminotransferase_(ast)",
    "bilirubin,_direct",
    "bilirubin,_total",
    "c-reactive_protein",
    "calcium,_total",
    "creatine_kinase,_mb_isoenzyme",
    "creatinine",
    "creatinine,_whole_blood",
    "glucose",
    "hematocrit",
    "hematocrit,_calculated",
    "hemoglobin",
    "inr(pt)",
    "lactate",
    "magnesium",
    "ntprobnp",
    "pt",
    "ptt",
    "platelet_count",
    "potassium",
    "potassium,_whole_blood",
    "protein,_total",
    "sodium",
    "sodium,_whole_blood",
    "troponin_i",
    "troponin_t",
    "urea_nitrogen",
    "wbc_count",
    "white_blood_cells"
  ],
  "metrics": {
    "accuracy": 0.7708228167592125,
    "roc_auc": 0.8536279068819225,
    "avg_precision": 0.8371290454403431,
    "confusion_matrix": [
      [
        740,
        243
      ],
      [
        211,
        787
      ]
    ],
    "classification_report": {
      "0": {
        "precision": 0.7781282860147214,
        "recall": 0.7527975584944049,
        "f1-score": 0.765253360910031,
        "support": 983.0
      },
      "1": {
        "precision": 0.7640776699029126,
        "recall": 0.7885771543086172,
        "f1-score": 0.7761341222879684,
        "support": 998.0
      },
      "accuracy": 0.7708228167592125,
      "macro avg": {
        "precision": 0.771102977958817,
        "recall": 0.7706873564015111,
        "f1-score": 0.7706937415989997,
        "support": 1981.0
      },
      "weighted avg": {
        "precision": 0.7710497827943351,
        "recall": 0.7708228167592125,
        "f1-score": 0.7707349357990677,
        "support": 1981.0
      }
    },
    "train_samples": 7924,
    "test_samples": 1981,
    "positive_rate": 0.5039878849066128
  },
  "threshold": 0.36600016379941425,
  "created_at": "2026-04-16T22:51:10.538894"
}