{
  "disease_icd": "N18",
  "disease_name": "Chronic Kidney Disease",
  "feature_names": [
    "%_hemoglobin_a1c",
    "alanine_aminotransferase_(alt)",
    "albumin",
    "alkaline_phosphatase",
    "asparate_aminotransferase_(ast)",
    "bilirubin,_direct",
    "bilirubin,_total",
    "c-reactive_protein",
    "calcium,_total",
    "creatine_kinase,_mb_isoenzyme",
    "creatinine",
    "creatinine,_whole_blood",
    "glucose",
    "hematocrit",
    "hematocrit,_calculated",
    "hemoglobin",
    "inr(pt)",
    "lactate",
    "magnesium",
    "ntprobnp",
    "pt",
    "ptt",
    "platelet_count",
    "potassium",
    "potassium,_whole_blood",
    "protein,_total",
    "sodium",
    "sodium,_whole_blood",
    "troponin_i",
    "troponin_t",
    "urea_nitrogen",
    "wbc_count",
    "white_blood_cells"
  ],
  "metrics": {
    "accuracy": 0.8468149646107179,
    "roc_auc": 0.9210037412284604,
    "avg_precision": 0.910749487240085,
    "confusion_matrix": [
      [
        806,
        173
      ],
      [
        130,
        869
      ]
    ],
    "classification_report": {
      "0": {
        "precision": 0.8611111111111112,
        "recall": 0.8232890704800817,
        "f1-score": 0.8417754569190601,
        "support": 979.0
      },
      "1": {
        "precision": 0.8339731285988484,
        "recall": 0.8698698698698699,
        "f1-score": 0.8515433610975012,
        "support": 999.0
      },
      "accuracy": 0.8468149646107179,
      "macro avg": {
        "precision": 0.8475421198549797,
        "recall": 0.8465794701749758,
        "f1-score": 0.8466594090082806,
        "support": 1978.0
      },
      "weighted avg": {
        "precision": 0.8474049207522889,
        "recall": 0.8468149646107179,
        "f1-score": 0.8467087917392131,
        "support": 1978.0
      }
    },
    "train_samples": 7911,
    "test_samples": 1978,
    "positive_rate": 0.5050055617352615
  },
  "threshold": 0.3435718187735438,
  "created_at": "2026-04-15T04:15:18.080792"
}