{
  "disease_icd": "I48",
  "disease_name": "Atrial Fibrillation and Flutter",
  "feature_names": [
    "%_hemoglobin_a1c",
    "alanine_aminotransferase_(alt)",
    "albumin",
    "alkaline_phosphatase",
    "asparate_aminotransferase_(ast)",
    "bilirubin,_direct",
    "bilirubin,_total",
    "c-reactive_protein",
    "calcium,_total",
    "creatine_kinase,_mb_isoenzyme",
    "creatinine",
    "creatinine,_whole_blood",
    "glucose",
    "hematocrit",
    "hematocrit,_calculated",
    "hemoglobin",
    "inr(pt)",
    "lactate",
    "magnesium",
    "ntprobnp",
    "pt",
    "ptt",
    "platelet_count",
    "potassium",
    "potassium,_whole_blood",
    "protein,_total",
    "sodium",
    "sodium,_whole_blood",
    "troponin_i",
    "troponin_t",
    "urea_nitrogen",
    "wbc_count",
    "white_blood_cells"
  ],
  "metrics": {
    "accuracy": 0.7800201816347124,
    "roc_auc": 0.8584973579887109,
    "avg_precision": 0.8374465903379361,
    "confusion_matrix": [
      [
        752,
        231
      ],
      [
        205,
        794
      ]
    ],
    "classification_report": {
      "0": {
        "precision": 0.7857889237199582,
        "recall": 0.7650050864699899,
        "f1-score": 0.7752577319587629,
        "support": 983.0
      },
      "1": {
        "precision": 0.7746341463414634,
        "recall": 0.7947947947947948,
        "f1-score": 0.7845849802371542,
        "support": 999.0
      },
      "accuracy": 0.7800201816347124,
      "macro avg": {
        "precision": 0.7802115350307108,
        "recall": 0.7798999406323923,
        "f1-score": 0.7799213560979585,
        "support": 1982.0
      },
      "weighted avg": {
        "precision": 0.7801665107022405,
        "recall": 0.7800201816347124,
        "f1-score": 0.7799590039214839,
        "support": 1982.0
      }
    },
    "train_samples": 7926,
    "test_samples": 1982,
    "positive_rate": 0.5038352846184901
  },
  "threshold": 0.3674767990324308,
  "created_at": "2026-04-15T22:12:11.211886"
}