{
  "disease_icd": "T81",
  "disease_name": "Complications of Procedures",
  "feature_names": [
    "%_hemoglobin_a1c",
    "alanine_aminotransferase_(alt)",
    "albumin",
    "alkaline_phosphatase",
    "asparate_aminotransferase_(ast)",
    "bilirubin,_direct",
    "bilirubin,_total",
    "c-reactive_protein",
    "calcium,_total",
    "creatine_kinase,_mb_isoenzyme",
    "creatinine",
    "creatinine,_whole_blood",
    "glucose",
    "hematocrit",
    "hematocrit,_calculated",
    "hemoglobin",
    "inr(pt)",
    "lactate",
    "magnesium",
    "ntprobnp",
    "pt",
    "ptt",
    "platelet_count",
    "potassium",
    "potassium,_whole_blood",
    "protein,_total",
    "sodium",
    "sodium,_whole_blood",
    "troponin_i",
    "troponin_t",
    "urea_nitrogen",
    "wbc_count",
    "white_blood_cells"
  ],
  "metrics": {
    "accuracy": 0.7415669205658324,
    "roc_auc": 0.8086967745296905,
    "avg_precision": 0.7803936063580998,
    "confusion_matrix": [
      [
        660,
        251
      ],
      [
        224,
        703
      ]
    ],
    "classification_report": {
      "0": {
        "precision": 0.746606334841629,
        "recall": 0.7244785949506037,
        "f1-score": 0.7353760445682451,
        "support": 911.0
      },
      "1": {
        "precision": 0.7368972746331237,
        "recall": 0.7583603020496225,
        "f1-score": 0.7474747474747475,
        "support": 927.0
      },
      "accuracy": 0.7415669205658324,
      "macro avg": {
        "precision": 0.7417518047373763,
        "recall": 0.7414194485001131,
        "f1-score": 0.7414253960214963,
        "support": 1838.0
      },
      "weighted avg": {
        "precision": 0.7417095454981663,
        "recall": 0.7415669205658324,
        "f1-score": 0.7414780563170632,
        "support": 1838.0
      }
    },
    "train_samples": 7349,
    "test_samples": 1838,
    "positive_rate": 0.5045172526395995
  },
  "threshold": 0.37079379768802184,
  "created_at": "2026-04-17T04:25:22.825824"
}