{
  "disease_icd": "I80",
  "disease_name": "Phlebitis and Thrombophlebitis",
  "feature_names": [
    "%_hemoglobin_a1c",
    "alanine_aminotransferase_(alt)",
    "albumin",
    "alkaline_phosphatase",
    "asparate_aminotransferase_(ast)",
    "bilirubin,_direct",
    "bilirubin,_total",
    "c-reactive_protein",
    "calcium,_total",
    "creatine_kinase,_mb_isoenzyme",
    "creatinine",
    "creatinine,_whole_blood",
    "glucose",
    "hematocrit",
    "hematocrit,_calculated",
    "hemoglobin",
    "inr(pt)",
    "lactate",
    "magnesium",
    "ntprobnp",
    "pt",
    "ptt",
    "platelet_count",
    "potassium",
    "potassium,_whole_blood",
    "protein,_total",
    "sodium",
    "sodium,_whole_blood",
    "troponin_i",
    "troponin_t",
    "urea_nitrogen",
    "wbc_count",
    "white_blood_cells"
  ],
  "metrics": {
    "accuracy": 0.6608391608391608,
    "roc_auc": 0.7551349765258215,
    "avg_precision": 0.7444574583589738,
    "confusion_matrix": [
      [
        86,
        56
      ],
      [
        41,
        103
      ]
    ],
    "classification_report": {
      "0": {
        "precision": 0.6771653543307087,
        "recall": 0.6056338028169014,
        "f1-score": 0.6394052044609665,
        "support": 142.0
      },
      "1": {
        "precision": 0.6477987421383647,
        "recall": 0.7152777777777778,
        "f1-score": 0.6798679867986799,
        "support": 144.0
      },
      "accuracy": 0.6608391608391608,
      "macro avg": {
        "precision": 0.6624820482345367,
        "recall": 0.6604557902973396,
        "f1-score": 0.6596365956298231,
        "support": 286.0
      },
      "weighted avg": {
        "precision": 0.6623793677723258,
        "recall": 0.6608391608391608,
        "f1-score": 0.6597780738897453,
        "support": 286.0
      }
    },
    "train_samples": 1141,
    "test_samples": 286,
    "positive_rate": 0.5024526979677646
  },
  "threshold": 0.3070244646984724,
  "created_at": "2026-04-17T04:43:57.058933"
}