{
  "disease_icd": "R06",
  "disease_name": "Abnormalities of Breathing",
  "feature_names": [
    "%_hemoglobin_a1c",
    "alanine_aminotransferase_(alt)",
    "albumin",
    "alkaline_phosphatase",
    "asparate_aminotransferase_(ast)",
    "bilirubin,_direct",
    "bilirubin,_total",
    "c-reactive_protein",
    "calcium,_total",
    "creatine_kinase,_mb_isoenzyme",
    "creatinine",
    "creatinine,_whole_blood",
    "glucose",
    "hematocrit",
    "hematocrit,_calculated",
    "hemoglobin",
    "inr(pt)",
    "lactate",
    "magnesium",
    "ntprobnp",
    "pt",
    "ptt",
    "platelet_count",
    "potassium",
    "potassium,_whole_blood",
    "protein,_total",
    "sodium",
    "sodium,_whole_blood",
    "troponin_i",
    "troponin_t",
    "urea_nitrogen",
    "wbc_count",
    "white_blood_cells"
  ],
  "metrics": {
    "accuracy": 0.7255619445896497,
    "roc_auc": 0.7978785268616452,
    "avg_precision": 0.7893218494892913,
    "confusion_matrix": [
      [
        748,
        201
      ],
      [
        324,
        640
      ]
    ],
    "classification_report": {
      "0": {
        "precision": 0.6977611940298507,
        "recall": 0.7881981032665965,
        "f1-score": 0.7402276100940128,
        "support": 949.0
      },
      "1": {
        "precision": 0.760998810939358,
        "recall": 0.6639004149377593,
        "f1-score": 0.7091412742382271,
        "support": 964.0
      },
      "accuracy": 0.7255619445896497,
      "macro avg": {
        "precision": 0.7293800024846043,
        "recall": 0.7260492591021779,
        "f1-score": 0.72468444216612,
        "support": 1913.0
      },
      "weighted avg": {
        "precision": 0.729627928321939,
        "recall": 0.7255619445896497,
        "f1-score": 0.7245625668295186,
        "support": 1913.0
      }
    },
    "train_samples": 7651,
    "test_samples": 1913,
    "positive_rate": 0.5039732329569218
  },
  "threshold": 0.32393704429317743,
  "created_at": "2026-04-18T00:19:32.406138"
}