{
  "disease_icd": "C90",
  "disease_name": "Multiple Myeloma",
  "feature_names": [
    "%_hemoglobin_a1c",
    "alanine_aminotransferase_(alt)",
    "albumin",
    "alkaline_phosphatase",
    "asparate_aminotransferase_(ast)",
    "bilirubin,_direct",
    "bilirubin,_total",
    "c-reactive_protein",
    "calcium,_total",
    "creatine_kinase,_mb_isoenzyme",
    "creatinine",
    "creatinine,_whole_blood",
    "glucose",
    "hematocrit",
    "hematocrit,_calculated",
    "hemoglobin",
    "inr(pt)",
    "lactate",
    "magnesium",
    "ntprobnp",
    "pt",
    "ptt",
    "platelet_count",
    "potassium",
    "potassium,_whole_blood",
    "protein,_total",
    "sodium",
    "sodium,_whole_blood",
    "troponin_i",
    "troponin_t",
    "urea_nitrogen",
    "wbc_count",
    "white_blood_cells"
  ],
  "metrics": {
    "accuracy": 0.8445378151260504,
    "roc_auc": 0.9198446327683616,
    "avg_precision": 0.9152830689601428,
    "confusion_matrix": [
      [
        94,
        24
      ],
      [
        13,
        107
      ]
    ],
    "classification_report": {
      "0": {
        "precision": 0.8785046728971962,
        "recall": 0.7966101694915254,
        "f1-score": 0.8355555555555556,
        "support": 118.0
      },
      "1": {
        "precision": 0.816793893129771,
        "recall": 0.8916666666666667,
        "f1-score": 0.852589641434263,
        "support": 120.0
      },
      "accuracy": 0.8445378151260504,
      "macro avg": {
        "precision": 0.8476492830134836,
        "recall": 0.8441384180790961,
        "f1-score": 0.8440725984949093,
        "support": 238.0
      },
      "weighted avg": {
        "precision": 0.8473899940228642,
        "recall": 0.8445378151260504,
        "f1-score": 0.8441441702843157,
        "support": 238.0
      }
    },
    "train_samples": 950,
    "test_samples": 238,
    "positive_rate": 0.5058922558922558
  },
  "threshold": 0.5504195258095841,
  "created_at": "2026-04-16T23:58:48.081427"
}