{
  "disease_icd": "K51",
  "disease_name": "Ulcerative Colitis",
  "feature_names": [
    "%_hemoglobin_a1c",
    "alanine_aminotransferase_(alt)",
    "albumin",
    "alkaline_phosphatase",
    "asparate_aminotransferase_(ast)",
    "bilirubin,_direct",
    "bilirubin,_total",
    "c-reactive_protein",
    "calcium,_total",
    "creatine_kinase,_mb_isoenzyme",
    "creatinine",
    "creatinine,_whole_blood",
    "glucose",
    "hematocrit",
    "hematocrit,_calculated",
    "hemoglobin",
    "inr(pt)",
    "lactate",
    "magnesium",
    "ntprobnp",
    "pt",
    "ptt",
    "platelet_count",
    "potassium",
    "potassium,_whole_blood",
    "protein,_total",
    "sodium",
    "sodium,_whole_blood",
    "troponin_i",
    "troponin_t",
    "urea_nitrogen",
    "wbc_count",
    "white_blood_cells"
  ],
  "metrics": {
    "accuracy": 0.734341252699784,
    "roc_auc": 0.8143310319089384,
    "avg_precision": 0.7980566690399877,
    "confusion_matrix": [
      [
        172,
        58
      ],
      [
        65,
        168
      ]
    ],
    "classification_report": {
      "0": {
        "precision": 0.7257383966244726,
        "recall": 0.7478260869565218,
        "f1-score": 0.7366167023554604,
        "support": 230.0
      },
      "1": {
        "precision": 0.7433628318584071,
        "recall": 0.721030042918455,
        "f1-score": 0.7320261437908496,
        "support": 233.0
      },
      "accuracy": 0.734341252699784,
      "macro avg": {
        "precision": 0.7345506142414399,
        "recall": 0.7344280649374884,
        "f1-score": 0.734321423073155,
        "support": 463.0
      },
      "weighted avg": {
        "precision": 0.7346077128437096,
        "recall": 0.734341252699784,
        "f1-score": 0.7343065508531832,
        "support": 463.0
      }
    },
    "train_samples": 1849,
    "test_samples": 463,
    "positive_rate": 0.5030276816608996
  },
  "threshold": 0.38436953006479313,
  "created_at": "2026-04-17T03:33:06.761897"
}