{
  "disease_icd": "K50",
  "disease_name": "Crohn Disease",
  "feature_names": [
    "%_hemoglobin_a1c",
    "alanine_aminotransferase_(alt)",
    "albumin",
    "alkaline_phosphatase",
    "asparate_aminotransferase_(ast)",
    "bilirubin,_direct",
    "bilirubin,_total",
    "c-reactive_protein",
    "calcium,_total",
    "creatine_kinase,_mb_isoenzyme",
    "creatinine",
    "creatinine,_whole_blood",
    "glucose",
    "hematocrit",
    "hematocrit,_calculated",
    "hemoglobin",
    "inr(pt)",
    "lactate",
    "magnesium",
    "ntprobnp",
    "pt",
    "ptt",
    "platelet_count",
    "potassium",
    "potassium,_whole_blood",
    "protein,_total",
    "sodium",
    "sodium,_whole_blood",
    "troponin_i",
    "troponin_t",
    "urea_nitrogen",
    "wbc_count",
    "white_blood_cells"
  ],
  "metrics": {
    "accuracy": 0.7638376383763837,
    "roc_auc": 0.8018846085760584,
    "avg_precision": 0.79377123395086,
    "confusion_matrix": [
      [
        205,
        64
      ],
      [
        64,
        209
      ]
    ],
    "classification_report": {
      "0": {
        "precision": 0.7620817843866171,
        "recall": 0.7620817843866171,
        "f1-score": 0.7620817843866171,
        "support": 269.0
      },
      "1": {
        "precision": 0.7655677655677655,
        "recall": 0.7655677655677655,
        "f1-score": 0.7655677655677655,
        "support": 273.0
      },
      "accuracy": 0.7638376383763837,
      "macro avg": {
        "precision": 0.7638247749771914,
        "recall": 0.7638247749771914,
        "f1-score": 0.7638247749771914,
        "support": 542.0
      },
      "weighted avg": {
        "precision": 0.7638376383763837,
        "recall": 0.7638376383763837,
        "f1-score": 0.7638376383763837,
        "support": 542.0
      }
    },
    "train_samples": 2164,
    "test_samples": 542,
    "positive_rate": 0.5036954915003695
  },
  "threshold": 0.5517549659766295,
  "created_at": "2026-04-17T03:28:40.371948"
}