{
  "disease_icd": "I73",
  "disease_name": "Peripheral Vascular Disease",
  "feature_names": [
    "%_hemoglobin_a1c",
    "alanine_aminotransferase_(alt)",
    "albumin",
    "alkaline_phosphatase",
    "asparate_aminotransferase_(ast)",
    "bilirubin,_direct",
    "bilirubin,_total",
    "c-reactive_protein",
    "calcium,_total",
    "creatine_kinase,_mb_isoenzyme",
    "creatinine",
    "creatinine,_whole_blood",
    "glucose",
    "hematocrit",
    "hematocrit,_calculated",
    "hemoglobin",
    "inr(pt)",
    "lactate",
    "magnesium",
    "ntprobnp",
    "pt",
    "ptt",
    "platelet_count",
    "potassium",
    "potassium,_whole_blood",
    "protein,_total",
    "sodium",
    "sodium,_whole_blood",
    "troponin_i",
    "troponin_t",
    "urea_nitrogen",
    "wbc_count",
    "white_blood_cells"
  ],
  "metrics": {
    "accuracy": 0.7327160493827161,
    "roc_auc": 0.8038659463809913,
    "avg_precision": 0.791481156566366,
    "confusion_matrix": [
      [
        572,
        230
      ],
      [
        203,
        615
      ]
    ],
    "classification_report": {
      "0": {
        "precision": 0.7380645161290322,
        "recall": 0.713216957605985,
        "f1-score": 0.725428027901078,
        "support": 802.0
      },
      "1": {
        "precision": 0.727810650887574,
        "recall": 0.7518337408312958,
        "f1-score": 0.7396271797955503,
        "support": 818.0
      },
      "accuracy": 0.7327160493827161,
      "macro avg": {
        "precision": 0.7329375835083032,
        "recall": 0.7325253492186404,
        "f1-score": 0.7325276038483142,
        "support": 1620.0
      },
      "weighted avg": {
        "precision": 0.7328869471367403,
        "recall": 0.7327160493827161,
        "f1-score": 0.7325977231169288,
        "support": 1620.0
      }
    },
    "train_samples": 6477,
    "test_samples": 1620,
    "positive_rate": 0.5046313449425713
  },
  "threshold": 0.36107951256066634,
  "created_at": "2026-04-17T21:14:08.738161"
}